,Unnamed: 0,category,headline,authors,link,short descr,date,image_caption(s),image_link(s),headline,short descr,image caption
0,,,,,,,,,,0.008719208650290966,0.005829242989420891,0.9854515194892883
1,1.0,CRIME,"There Were 2 Mass Shootings In Texas Last Week, But Only 1 On TV",Melissa Jeltsen,https://www.huffingtonpost.com/entry/texas-amanda-painter-mass-shooting_us_5b081ab4e4b0802d69caad89,She left her husband. He killed their children. Just another day in America.,2018-05-26,"Donna Bloom, director of legal services at Denton County Friends of the Family, visits Amanda at the transitional housing.",https://img.huffingtonpost.com/asset/5b081d6c1e0000bf048e69a4.jpeg?ops=scalefit_1280_noupscale,0.8688585758209229,0.13113625347614288,0.0
2,2.0,CRIME,"There Were 2 Mass Shootings In Texas Last Week, But Only 1 On TV",Melissa Jeltsen,https://www.huffingtonpost.com/entry/texas-amanda-painter-mass-shooting_us_5b081ab4e4b0802d69caad89,She left her husband. He killed their children. Just another day in America.,2018-05-26,,https://img.huffingtonpost.com/asset/5b081c9f1e00007d038e69a3.jpeg?ops=scalefit_1280_noupscale,0.8735520839691162,0.12618698179721832,0.0
3,3.0,CRIME,"There Were 2 Mass Shootings In Texas Last Week, But Only 1 On TV",Melissa Jeltsen,https://www.huffingtonpost.com/entry/texas-amanda-painter-mass-shooting_us_5b081ab4e4b0802d69caad89,She left her husband. He killed their children. Just another day in America.,2018-05-26,,https://img.huffingtonpost.com/asset/5b0844b51a00002700cdfcb3.jpeg?ops=scalefit_1280_noupscale,0.0004913719603791833,0.0021413136273622513,0.9973673224449158
4,4.0,CRIME,"There Were 2 Mass Shootings In Texas Last Week, But Only 1 On TV",Melissa Jeltsen,https://www.huffingtonpost.com/entry/texas-amanda-painter-mass-shooting_us_5b081ab4e4b0802d69caad89,She left her husband. He killed their children. Just another day in America.,2018-05-26,"Melissa Jeltsen - Senior Reporter, HuffPost",https://img.huffingtonpost.com/asset/5c1128ec2400002b055871f8.png?ops=100_100,0.008977989666163921,0.9759458899497986,0.0
5,5.0,CRIME,"There Were 2 Mass Shootings In Texas Last Week, But Only 1 On TV",Melissa Jeltsen,https://www.huffingtonpost.com/entry/texas-amanda-painter-mass-shooting_us_5b081ab4e4b0802d69caad89,She left her husband. He killed their children. Just another day in America.,2018-05-26,,https://img.huffingtonpost.com/asset/62bb083f210000744f5ee967.jpeg?cache=fDTPw8dBXb&ops=434_244%2Cquality_75,0.006420453544706106,0.8872910141944885,0.0
6,6.0,CRIME,"There Were 2 Mass Shootings In Texas Last Week, But Only 1 On TV",Melissa Jeltsen,https://www.huffingtonpost.com/entry/texas-amanda-painter-mass-shooting_us_5b081ab4e4b0802d69caad89,She left her husband. He killed their children. Just another day in America.,2018-05-26,,https://img.huffingtonpost.com/asset/62bb083f210000744f5ee967.jpeg?cache=fDTPw8dBXb&ops=240_240,0.020834671333432198,0.17792247235774994,0.0
7,7.0,CRIME,"There Were 2 Mass Shootings In Texas Last Week, But Only 1 On TV",Melissa Jeltsen,https://www.huffingtonpost.com/entry/texas-amanda-painter-mass-shooting_us_5b081ab4e4b0802d69caad89,She left her husband. He killed their children. Just another day in America.,2018-05-26,,https://img.huffingtonpost.com/asset/62baebcf2200002f474f7dde.png?cache=pFHU8hsIDN&ops=434_244%2Cquality_75,0.007629991974681616,0.14950063824653625,0.0
8,8.0,CRIME,"There Were 2 Mass Shootings In Texas Last Week, But Only 1 On TV",Melissa Jeltsen,https://www.huffingtonpost.com/entry/texas-amanda-painter-mass-shooting_us_5b081ab4e4b0802d69caad89,She left her husband. He killed their children. Just another day in America.,2018-05-26,,https://img.huffingtonpost.com/asset/62baebcf2200002f474f7dde.png?cache=pFHU8hsIDN&ops=240_240,0.001945597119629383,0.99184250831604,0.0
9,9.0,CRIME,"There Were 2 Mass Shootings In Texas Last Week, But Only 1 On TV",Melissa Jeltsen,https://www.huffingtonpost.com/entry/texas-amanda-painter-mass-shooting_us_5b081ab4e4b0802d69caad89,She left her husband. He killed their children. Just another day in America.,2018-05-26,,https://img.huffingtonpost.com/asset/62b1f58a250000db1232e41f.png?ops=434_244%2Cquality_75,0.0005244131898507476,0.2317914515733719,0.7676841020584106
10,10.0,ENTERTAINMENT,Will Smith Joins Diplo And Nicky Jam For The 2018 World Cup's Official Song,Andy McDonald,https://www.huffingtonpost.com/entry/will-smith-joins-diplo-and-nicky-jam-for-the-official-2018-world-cup-song_us_5b09726fe4b0fdb2aa541201,Of course it has a song.,2018-05-26,Andy McDonald,https://img.huffingtonpost.com/asset/55f1b6b3170000b900569da5.jpg?ops=100_100,1.1286542758170981e-05,0.08248007297515869,0.0
11,11.0,ENTERTAINMENT,Will Smith Joins Diplo And Nicky Jam For The 2018 World Cup's Official Song,Andy McDonald,https://www.huffingtonpost.com/entry/will-smith-joins-diplo-and-nicky-jam-for-the-official-2018-world-cup-song_us_5b09726fe4b0fdb2aa541201,Of course it has a song.,2018-05-26,,https://img.huffingtonpost.com/asset/5b057da01a00002700cdf8cd.jpeg?ops=scalefit_960_noupscale,1.2886100194009487e-05,0.005695675499737263,0.9942914247512817
12,12.0,ENTERTAINMENT,Will Smith Joins Diplo And Nicky Jam For The 2018 World Cup's Official Song,Andy McDonald,https://www.huffingtonpost.com/entry/will-smith-joins-diplo-and-nicky-jam-for-the-official-2018-world-cup-song_us_5b09726fe4b0fdb2aa541201,Of course it has a song.,2018-05-26,"Andy McDonald - Writer, HuffPost",https://img.huffingtonpost.com/asset/55f1b6b3170000b900569da5.jpg?ops=100_100,0.00797552801668644,0.4117569923400879,0.0
13,13.0,ENTERTAINMENT,Will Smith Joins Diplo And Nicky Jam For The 2018 World Cup's Official Song,Andy McDonald,https://www.huffingtonpost.com/entry/will-smith-joins-diplo-and-nicky-jam-for-the-official-2018-world-cup-song_us_5b09726fe4b0fdb2aa541201,Of course it has a song.,2018-05-26,,https://img.huffingtonpost.com/asset/62bb3d1d250000845032edbe.jpeg?ops=92_92,7.3827327469189186e-06,0.393643856048584,0.0
14,14.0,ENTERTAINMENT,Will Smith Joins Diplo And Nicky Jam For The 2018 World Cup's Official Song,Andy McDonald,https://www.huffingtonpost.com/entry/will-smith-joins-diplo-and-nicky-jam-for-the-official-2018-world-cup-song_us_5b09726fe4b0fdb2aa541201,Of course it has a song.,2018-05-26,,https://img.huffingtonpost.com/asset/62bae6ed210000bf375ee937.jpeg?cache=XvO6LwHdKL&ops=92_92,1.1371482287358958e-05,0.03373231366276741,0.0
15,15.0,ENTERTAINMENT,Will Smith Joins Diplo And Nicky Jam For The 2018 World Cup's Official Song,Andy McDonald,https://www.huffingtonpost.com/entry/will-smith-joins-diplo-and-nicky-jam-for-the-official-2018-world-cup-song_us_5b09726fe4b0fdb2aa541201,Of course it has a song.,2018-05-26,,https://img.huffingtonpost.com/asset/62bad7102500002549474bca.jpeg?cache=DmFZo6tnRV&ops=92_92,0.00031705829314887524,0.3145185112953186,0.0
16,16.0,ENTERTAINMENT,Will Smith Joins Diplo And Nicky Jam For The 2018 World Cup's Official Song,Andy McDonald,https://www.huffingtonpost.com/entry/will-smith-joins-diplo-and-nicky-jam-for-the-official-2018-world-cup-song_us_5b09726fe4b0fdb2aa541201,Of course it has a song.,2018-05-26,,https://img.huffingtonpost.com/asset/62bb42f12500000a38474c6a.jpeg?cache=2rpzBgHXMJ&ops=92_92,0.001199522870592773,0.17458681762218475,0.0
17,17.0,ENTERTAINMENT,Will Smith Joins Diplo And Nicky Jam For The 2018 World Cup's Official Song,Andy McDonald,https://www.huffingtonpost.com/entry/will-smith-joins-diplo-and-nicky-jam-for-the-official-2018-world-cup-song_us_5b09726fe4b0fdb2aa541201,Of course it has a song.,2018-05-26,,https://img.huffingtonpost.com/asset/62bacdd82500000745474bc0.jpeg?ops=92_92,7.502268140058277e-09,0.38877347111701965,0.0
18,18.0,ENTERTAINMENT,Will Smith Joins Diplo And Nicky Jam For The 2018 World Cup's Official Song,Andy McDonald,https://www.huffingtonpost.com/entry/will-smith-joins-diplo-and-nicky-jam-for-the-official-2018-world-cup-song_us_5b09726fe4b0fdb2aa541201,Of course it has a song.,2018-05-26,,https://img.huffingtonpost.com/asset/62bb083f210000744f5ee967.jpeg?cache=fDTPw8dBXb&ops=434_244%2Cquality_75,1.2581375585796195e-06,0.09780149161815643,0.0
19,19.0,ENTERTAINMENT,Will Smith Joins Diplo And Nicky Jam For The 2018 World Cup's Official Song,Andy McDonald,https://www.huffingtonpost.com/entry/will-smith-joins-diplo-and-nicky-jam-for-the-official-2018-world-cup-song_us_5b09726fe4b0fdb2aa541201,Of course it has a song.,2018-05-26,,https://img.huffingtonpost.com/asset/62bb083f210000744f5ee967.jpeg?cache=fDTPw8dBXb&ops=240_240,7.1820786615717225e-06,0.1002996489405632,0.8996931910514832
20,20.0,ENTERTAINMENT,Hugh Grant Marries For The First Time At Age 57,Ron Dicker,https://www.huffingtonpost.com/entry/hugh-grant-marries_us_5b09212ce4b0568a880b9a8c,The actor and his longtime girlfriend Anna Eberstein tied the knot in a civil ceremony.,2018-05-26,Ron Dicker,https://img.huffingtonpost.com/asset/5cd400b62100005900d41396.jpg?ops=100_100,0.0007149433949962258,0.9991287589073181,0.0
21,21.0,ENTERTAINMENT,Hugh Grant Marries For The First Time At Age 57,Ron Dicker,https://www.huffingtonpost.com/entry/hugh-grant-marries_us_5b09212ce4b0568a880b9a8c,The actor and his longtime girlfriend Anna Eberstein tied the knot in a civil ceremony.,2018-05-26,,https://img.huffingtonpost.com/asset/62b4ca7d210000133d5ee3de.jpg?cache=4zRb55wGC5&ops=210_120,0.014345435425639153,0.6521302461624146,0.0
22,22.0,ENTERTAINMENT,Hugh Grant Marries For The First Time At Age 57,Ron Dicker,https://www.huffingtonpost.com/entry/hugh-grant-marries_us_5b09212ce4b0568a880b9a8c,The actor and his longtime girlfriend Anna Eberstein tied the knot in a civil ceremony.,2018-05-26,,https://img.huffingtonpost.com/asset/62b8bc4c21000029445ee6b8.jpeg?cache=hVUCitSywj&ops=210_120,0.004996538162231445,0.05577372759580612,0.0
23,23.0,ENTERTAINMENT,Hugh Grant Marries For The First Time At Age 57,Ron Dicker,https://www.huffingtonpost.com/entry/hugh-grant-marries_us_5b09212ce4b0568a880b9a8c,The actor and his longtime girlfriend Anna Eberstein tied the knot in a civil ceremony.,2018-05-26,,https://img.huffingtonpost.com/asset/62ba3a11220000a0394f7d51.png?cache=yQ0HvPrhY8&ops=210_120,0.0026227449998259544,0.9784938097000122,0.0
24,24.0,ENTERTAINMENT,Hugh Grant Marries For The First Time At Age 57,Ron Dicker,https://www.huffingtonpost.com/entry/hugh-grant-marries_us_5b09212ce4b0568a880b9a8c,The actor and his longtime girlfriend Anna Eberstein tied the knot in a civil ceremony.,2018-05-26,,https://img.huffingtonpost.com/asset/5beb23a0200000ce050292ad.jpeg?ops=scalefit_960_noupscale,2.683063371478056e-07,0.0037469693925231695,0.9962527751922607
25,25.0,ENTERTAINMENT,Hugh Grant Marries For The First Time At Age 57,Ron Dicker,https://www.huffingtonpost.com/entry/hugh-grant-marries_us_5b09212ce4b0568a880b9a8c,The actor and his longtime girlfriend Anna Eberstein tied the knot in a civil ceremony.,2018-05-26,"Ron Dicker - General Assignment Reporter, HuffPost",https://img.huffingtonpost.com/asset/5cd400b62100005900d41396.jpg?ops=100_100,0.0416606068611145,0.7259010076522827,0.0
26,26.0,ENTERTAINMENT,Hugh Grant Marries For The First Time At Age 57,Ron Dicker,https://www.huffingtonpost.com/entry/hugh-grant-marries_us_5b09212ce4b0568a880b9a8c,The actor and his longtime girlfriend Anna Eberstein tied the knot in a civil ceremony.,2018-05-26,,https://img.huffingtonpost.com/asset/62bb3d1d250000845032edbe.jpeg?ops=92_92,0.0166323184967041,0.9465330243110657,0.0
27,27.0,ENTERTAINMENT,Hugh Grant Marries For The First Time At Age 57,Ron Dicker,https://www.huffingtonpost.com/entry/hugh-grant-marries_us_5b09212ce4b0568a880b9a8c,The actor and his longtime girlfriend Anna Eberstein tied the knot in a civil ceremony.,2018-05-26,,https://img.huffingtonpost.com/asset/62bae6ed210000bf375ee937.jpeg?cache=XvO6LwHdKL&ops=92_92,0.0026957497466355562,0.8696470856666565,0.0
28,28.0,ENTERTAINMENT,Hugh Grant Marries For The First Time At Age 57,Ron Dicker,https://www.huffingtonpost.com/entry/hugh-grant-marries_us_5b09212ce4b0568a880b9a8c,The actor and his longtime girlfriend Anna Eberstein tied the knot in a civil ceremony.,2018-05-26,,https://img.huffingtonpost.com/asset/62bad7102500002549474bca.jpeg?cache=DmFZo6tnRV&ops=92_92,0.010526278987526894,0.7805275917053223,0.0
29,29.0,ENTERTAINMENT,Hugh Grant Marries For The First Time At Age 57,Ron Dicker,https://www.huffingtonpost.com/entry/hugh-grant-marries_us_5b09212ce4b0568a880b9a8c,The actor and his longtime girlfriend Anna Eberstein tied the knot in a civil ceremony.,2018-05-26,,https://img.huffingtonpost.com/asset/62bb42f12500000a38474c6a.jpeg?cache=2rpzBgHXMJ&ops=92_92,0.00023325314396061003,0.005731332581490278,0.9940353631973267
30,30.0,ENTERTAINMENT,Jim Carrey Blasts 'Castrato' Adam Schiff And Democrats In New Artwork,Ron Dicker,https://www.huffingtonpost.com/entry/jim-carrey-adam-schiff-democrats_us_5b0950e8e4b0fdb2aa53e675,The actor gives Dems an ass-kicking for not fighting hard enough against Donald Trump.,2018-05-26,Ron Dicker,https://img.huffingtonpost.com/asset/5cd400b62100005900d41396.jpg?ops=100_100,0.059064485132694244,0.0024153192061930895,0.9385201930999756
31,31.0,ENTERTAINMENT,Jim Carrey Blasts 'Castrato' Adam Schiff And Democrats In New Artwork,Ron Dicker,https://www.huffingtonpost.com/entry/jim-carrey-adam-schiff-democrats_us_5b0950e8e4b0fdb2aa53e675,The actor gives Dems an ass-kicking for not fighting hard enough against Donald Trump.,2018-05-26,Adam Schiff just got his butt kicked by a Jim Carrey painting.,https://img.huffingtonpost.com/asset/5b095ee61e00002c008e6abb.jpeg?ops=scalefit_720_noupscale,0.9711394309997559,0.01233193650841713,0.0
32,32.0,ENTERTAINMENT,Jim Carrey Blasts 'Castrato' Adam Schiff And Democrats In New Artwork,Ron Dicker,https://www.huffingtonpost.com/entry/jim-carrey-adam-schiff-democrats_us_5b0950e8e4b0fdb2aa53e675,The actor gives Dems an ass-kicking for not fighting hard enough against Donald Trump.,2018-05-26,,https://img.huffingtonpost.com/asset/5beb23a0200000ce050292ad.jpeg?ops=scalefit_960_noupscale,7.914862180768978e-06,0.0001944784598890692,0.9997976422309875
33,33.0,ENTERTAINMENT,Jim Carrey Blasts 'Castrato' Adam Schiff And Democrats In New Artwork,Ron Dicker,https://www.huffingtonpost.com/entry/jim-carrey-adam-schiff-democrats_us_5b0950e8e4b0fdb2aa53e675,The actor gives Dems an ass-kicking for not fighting hard enough against Donald Trump.,2018-05-26,"Ron Dicker - General Assignment Reporter, HuffPost",https://img.huffingtonpost.com/asset/5cd400b62100005900d41396.jpg?ops=100_100,0.030027788132429123,0.8512904644012451,0.0
34,34.0,ENTERTAINMENT,Jim Carrey Blasts 'Castrato' Adam Schiff And Democrats In New Artwork,Ron Dicker,https://www.huffingtonpost.com/entry/jim-carrey-adam-schiff-democrats_us_5b0950e8e4b0fdb2aa53e675,The actor gives Dems an ass-kicking for not fighting hard enough against Donald Trump.,2018-05-26,,https://img.huffingtonpost.com/asset/62bb3d1d250000845032edbe.jpeg?ops=92_92,0.4648129642009735,0.4974498450756073,0.0
35,35.0,ENTERTAINMENT,Jim Carrey Blasts 'Castrato' Adam Schiff And Democrats In New Artwork,Ron Dicker,https://www.huffingtonpost.com/entry/jim-carrey-adam-schiff-democrats_us_5b0950e8e4b0fdb2aa53e675,The actor gives Dems an ass-kicking for not fighting hard enough against Donald Trump.,2018-05-26,,https://img.huffingtonpost.com/asset/62bae6ed210000bf375ee937.jpeg?cache=XvO6LwHdKL&ops=92_92,0.007504816632717848,0.8618531227111816,0.0
36,36.0,ENTERTAINMENT,Jim Carrey Blasts 'Castrato' Adam Schiff And Democrats In New Artwork,Ron Dicker,https://www.huffingtonpost.com/entry/jim-carrey-adam-schiff-democrats_us_5b0950e8e4b0fdb2aa53e675,The actor gives Dems an ass-kicking for not fighting hard enough against Donald Trump.,2018-05-26,,https://img.huffingtonpost.com/asset/62bad7102500002549474bca.jpeg?cache=DmFZo6tnRV&ops=92_92,0.03098217397928238,0.9621391892433167,0.0
37,37.0,ENTERTAINMENT,Jim Carrey Blasts 'Castrato' Adam Schiff And Democrats In New Artwork,Ron Dicker,https://www.huffingtonpost.com/entry/jim-carrey-adam-schiff-democrats_us_5b0950e8e4b0fdb2aa53e675,The actor gives Dems an ass-kicking for not fighting hard enough against Donald Trump.,2018-05-26,,https://img.huffingtonpost.com/asset/62bb42f12500000a38474c6a.jpeg?cache=2rpzBgHXMJ&ops=92_92,0.0065850974060595036,0.11409598588943481,0.0
38,38.0,ENTERTAINMENT,Jim Carrey Blasts 'Castrato' Adam Schiff And Democrats In New Artwork,Ron Dicker,https://www.huffingtonpost.com/entry/jim-carrey-adam-schiff-democrats_us_5b0950e8e4b0fdb2aa53e675,The actor gives Dems an ass-kicking for not fighting hard enough against Donald Trump.,2018-05-26,,https://img.huffingtonpost.com/asset/62bacdd82500000745474bc0.jpeg?ops=92_92,0.0010850282851606607,0.940734326839447,0.0
39,39.0,ENTERTAINMENT,Jim Carrey Blasts 'Castrato' Adam Schiff And Democrats In New Artwork,Ron Dicker,https://www.huffingtonpost.com/entry/jim-carrey-adam-schiff-democrats_us_5b0950e8e4b0fdb2aa53e675,The actor gives Dems an ass-kicking for not fighting hard enough against Donald Trump.,2018-05-26,,https://img.huffingtonpost.com/asset/62bb083f210000744f5ee967.jpeg?cache=fDTPw8dBXb&ops=434_244%2Cquality_75,0.00017209323414135724,0.00012109817180316895,0.9997068047523499
40,40.0,ENTERTAINMENT,Julianna Margulies Uses Donald Trump Poop Bags To Pick Up After Her Dog,Ron Dicker,https://www.huffingtonpost.com/entry/julianna-margulies-trump-poop-bag_us_5b093ec2e4b0fdb2aa53df70,"The ""Dietland"" actress said using the bags is a ""really cathartic, therapeutic moment.""",2018-05-26,Ron Dicker,https://img.huffingtonpost.com/asset/5cd400b62100005900d41396.jpg?ops=100_100,7.5554785325948615e-06,0.9788811206817627,0.0
41,41.0,ENTERTAINMENT,Julianna Margulies Uses Donald Trump Poop Bags To Pick Up After Her Dog,Ron Dicker,https://www.huffingtonpost.com/entry/julianna-margulies-trump-poop-bag_us_5b093ec2e4b0fdb2aa53df70,"The ""Dietland"" actress said using the bags is a ""really cathartic, therapeutic moment.""",2018-05-26,,https://img.huffingtonpost.com/asset/62b4ca7d210000133d5ee3de.jpg?cache=4zRb55wGC5&ops=210_120,1.3433903234272293e-07,0.05827461555600166,0.0
42,42.0,ENTERTAINMENT,Julianna Margulies Uses Donald Trump Poop Bags To Pick Up After Her Dog,Ron Dicker,https://www.huffingtonpost.com/entry/julianna-margulies-trump-poop-bag_us_5b093ec2e4b0fdb2aa53df70,"The ""Dietland"" actress said using the bags is a ""really cathartic, therapeutic moment.""",2018-05-26,,https://img.huffingtonpost.com/asset/62ba3a11220000a0394f7d51.png?cache=yQ0HvPrhY8&ops=210_120,3.219776999685564e-06,0.00899515487253666,0.0
43,43.0,ENTERTAINMENT,Julianna Margulies Uses Donald Trump Poop Bags To Pick Up After Her Dog,Ron Dicker,https://www.huffingtonpost.com/entry/julianna-margulies-trump-poop-bag_us_5b093ec2e4b0fdb2aa53df70,"The ""Dietland"" actress said using the bags is a ""really cathartic, therapeutic moment.""",2018-05-26,,https://img.huffingtonpost.com/asset/62b369442500006e3a32e5c3.jpeg?cache=ORpa90soPo&ops=210_120,0.0015262528322637081,0.04237887263298035,0.0
44,44.0,ENTERTAINMENT,Julianna Margulies Uses Donald Trump Poop Bags To Pick Up After Her Dog,Ron Dicker,https://www.huffingtonpost.com/entry/julianna-margulies-trump-poop-bag_us_5b093ec2e4b0fdb2aa53df70,"The ""Dietland"" actress said using the bags is a ""really cathartic, therapeutic moment.""",2018-05-26,,https://img.huffingtonpost.com/asset/5beb23a0200000ce050292ad.jpeg?ops=scalefit_960_noupscale,5.807542947877664e-06,4.086638909939211e-06,0.9999901056289673
45,45.0,ENTERTAINMENT,Julianna Margulies Uses Donald Trump Poop Bags To Pick Up After Her Dog,Ron Dicker,https://www.huffingtonpost.com/entry/julianna-margulies-trump-poop-bag_us_5b093ec2e4b0fdb2aa53df70,"The ""Dietland"" actress said using the bags is a ""really cathartic, therapeutic moment.""",2018-05-26,"Ron Dicker - General Assignment Reporter, HuffPost",https://img.huffingtonpost.com/asset/5cd400b62100005900d41396.jpg?ops=100_100,0.4876997172832489,0.07088430970907211,0.0
46,46.0,ENTERTAINMENT,Julianna Margulies Uses Donald Trump Poop Bags To Pick Up After Her Dog,Ron Dicker,https://www.huffingtonpost.com/entry/julianna-margulies-trump-poop-bag_us_5b093ec2e4b0fdb2aa53df70,"The ""Dietland"" actress said using the bags is a ""really cathartic, therapeutic moment.""",2018-05-26,,https://img.huffingtonpost.com/asset/62bb3d1d250000845032edbe.jpeg?ops=92_92,0.26947179436683655,0.5857426524162292,0.0
47,47.0,ENTERTAINMENT,Julianna Margulies Uses Donald Trump Poop Bags To Pick Up After Her Dog,Ron Dicker,https://www.huffingtonpost.com/entry/julianna-margulies-trump-poop-bag_us_5b093ec2e4b0fdb2aa53df70,"The ""Dietland"" actress said using the bags is a ""really cathartic, therapeutic moment.""",2018-05-26,,https://img.huffingtonpost.com/asset/62bae6ed210000bf375ee937.jpeg?cache=XvO6LwHdKL&ops=92_92,0.35041773319244385,0.5593553185462952,0.0
48,48.0,ENTERTAINMENT,Julianna Margulies Uses Donald Trump Poop Bags To Pick Up After Her Dog,Ron Dicker,https://www.huffingtonpost.com/entry/julianna-margulies-trump-poop-bag_us_5b093ec2e4b0fdb2aa53df70,"The ""Dietland"" actress said using the bags is a ""really cathartic, therapeutic moment.""",2018-05-26,,https://img.huffingtonpost.com/asset/62bad7102500002549474bca.jpeg?cache=DmFZo6tnRV&ops=92_92,0.992685079574585,0.0016350143123418093,0.0
49,49.0,ENTERTAINMENT,Julianna Margulies Uses Donald Trump Poop Bags To Pick Up After Her Dog,Ron Dicker,https://www.huffingtonpost.com/entry/julianna-margulies-trump-poop-bag_us_5b093ec2e4b0fdb2aa53df70,"The ""Dietland"" actress said using the bags is a ""really cathartic, therapeutic moment.""",2018-05-26,,https://img.huffingtonpost.com/asset/62bb42f12500000a38474c6a.jpeg?cache=2rpzBgHXMJ&ops=92_92,2.694926024560118e-06,0.00728444941341877,0.9927127957344055
50,50.0,ENTERTAINMENT,Morgan Freeman 'Devastated' That Sexual Harassment Claims Could Undermine Legacy,Ron Dicker,https://www.huffingtonpost.com/entry/morgan-freeman-devastated-sexual-misconduct_us_5b096319e4b0802d69cba298,"""It is not right to equate horrific incidents of sexual assault with misplaced compliments or humor,"" he said in a statement.",2018-05-26,Ron Dicker,https://img.huffingtonpost.com/asset/5cd400b62100005900d41396.jpg?ops=100_100,0.6248103380203247,4.33115528721828e-05,0.37514638900756836
51,51.0,ENTERTAINMENT,Morgan Freeman 'Devastated' That Sexual Harassment Claims Could Undermine Legacy,Ron Dicker,https://www.huffingtonpost.com/entry/morgan-freeman-devastated-sexual-misconduct_us_5b096319e4b0802d69cba298,"""It is not right to equate horrific incidents of sexual assault with misplaced compliments or humor,"" he said in a statement.",2018-05-26,Morgan Freeman has been accused of sexual harassment by several women.,https://img.huffingtonpost.com/asset/5b0978ac2000004200b92a32.jpeg?ops=scalefit_720_noupscale,0.004939146805554628,0.18254519999027252,0.0
52,52.0,ENTERTAINMENT,Morgan Freeman 'Devastated' That Sexual Harassment Claims Could Undermine Legacy,Ron Dicker,https://www.huffingtonpost.com/entry/morgan-freeman-devastated-sexual-misconduct_us_5b096319e4b0802d69cba298,"""It is not right to equate horrific incidents of sexual assault with misplaced compliments or humor,"" he said in a statement.",2018-05-26,,https://img.huffingtonpost.com/asset/5beb23a0200000ce050292ad.jpeg?ops=scalefit_960_noupscale,9.15632867304339e-08,0.0002474977227393538,0.9997524619102478
53,53.0,ENTERTAINMENT,Morgan Freeman 'Devastated' That Sexual Harassment Claims Could Undermine Legacy,Ron Dicker,https://www.huffingtonpost.com/entry/morgan-freeman-devastated-sexual-misconduct_us_5b096319e4b0802d69cba298,"""It is not right to equate horrific incidents of sexual assault with misplaced compliments or humor,"" he said in a statement.",2018-05-26,"Ron Dicker - General Assignment Reporter, HuffPost",https://img.huffingtonpost.com/asset/5cd400b62100005900d41396.jpg?ops=100_100,0.028638198971748352,0.9458126425743103,0.0
54,54.0,ENTERTAINMENT,Morgan Freeman 'Devastated' That Sexual Harassment Claims Could Undermine Legacy,Ron Dicker,https://www.huffingtonpost.com/entry/morgan-freeman-devastated-sexual-misconduct_us_5b096319e4b0802d69cba298,"""It is not right to equate horrific incidents of sexual assault with misplaced compliments or humor,"" he said in a statement.",2018-05-26,,https://img.huffingtonpost.com/asset/62bb3d1d250000845032edbe.jpeg?ops=92_92,7.600859680678695e-05,0.9998235106468201,0.0
55,55.0,ENTERTAINMENT,Morgan Freeman 'Devastated' That Sexual Harassment Claims Could Undermine Legacy,Ron Dicker,https://www.huffingtonpost.com/entry/morgan-freeman-devastated-sexual-misconduct_us_5b096319e4b0802d69cba298,"""It is not right to equate horrific incidents of sexual assault with misplaced compliments or humor,"" he said in a statement.",2018-05-26,,https://img.huffingtonpost.com/asset/62bae6ed210000bf375ee937.jpeg?cache=XvO6LwHdKL&ops=92_92,0.00022498430917039514,0.9707938432693481,0.0
56,56.0,ENTERTAINMENT,Morgan Freeman 'Devastated' That Sexual Harassment Claims Could Undermine Legacy,Ron Dicker,https://www.huffingtonpost.com/entry/morgan-freeman-devastated-sexual-misconduct_us_5b096319e4b0802d69cba298,"""It is not right to equate horrific incidents of sexual assault with misplaced compliments or humor,"" he said in a statement.",2018-05-26,,https://img.huffingtonpost.com/asset/62bad7102500002549474bca.jpeg?cache=DmFZo6tnRV&ops=92_92,0.0027749999426305294,0.9949085116386414,0.0
57,57.0,ENTERTAINMENT,Morgan Freeman 'Devastated' That Sexual Harassment Claims Could Undermine Legacy,Ron Dicker,https://www.huffingtonpost.com/entry/morgan-freeman-devastated-sexual-misconduct_us_5b096319e4b0802d69cba298,"""It is not right to equate horrific incidents of sexual assault with misplaced compliments or humor,"" he said in a statement.",2018-05-26,,https://img.huffingtonpost.com/asset/62bb42f12500000a38474c6a.jpeg?cache=2rpzBgHXMJ&ops=92_92,7.683583680773154e-05,0.8928027749061584,0.0
58,58.0,ENTERTAINMENT,Morgan Freeman 'Devastated' That Sexual Harassment Claims Could Undermine Legacy,Ron Dicker,https://www.huffingtonpost.com/entry/morgan-freeman-devastated-sexual-misconduct_us_5b096319e4b0802d69cba298,"""It is not right to equate horrific incidents of sexual assault with misplaced compliments or humor,"" he said in a statement.",2018-05-26,,https://img.huffingtonpost.com/asset/62bacdd82500000745474bc0.jpeg?ops=92_92,0.01315532810986042,0.804566502571106,0.0
59,59.0,ENTERTAINMENT,Morgan Freeman 'Devastated' That Sexual Harassment Claims Could Undermine Legacy,Ron Dicker,https://www.huffingtonpost.com/entry/morgan-freeman-devastated-sexual-misconduct_us_5b096319e4b0802d69cba298,"""It is not right to equate horrific incidents of sexual assault with misplaced compliments or humor,"" he said in a statement.",2018-05-26,,https://img.huffingtonpost.com/asset/62bb083f210000744f5ee967.jpeg?cache=fDTPw8dBXb&ops=434_244%2Cquality_75,1.9233189050282817e-06,0.004723809193819761,0.9952741861343384
60,60.0,ENTERTAINMENT,Donald Trump Is Lovin' New McDonald's Jingle In 'Tonight Show' Bit,Ron Dicker,https://www.huffingtonpost.com/entry/donald-trump-mcondalds-tonight-show_us_5b093561e4b0fdb2aa53daba,"It's catchy, all right.",2018-05-26,Ron Dicker,https://img.huffingtonpost.com/asset/5cd400b62100005900d41396.jpg?ops=100_100,0.864300012588501,0.06727641820907593,0.0
61,61.0,ENTERTAINMENT,Donald Trump Is Lovin' New McDonald's Jingle In 'Tonight Show' Bit,Ron Dicker,https://www.huffingtonpost.com/entry/donald-trump-mcondalds-tonight-show_us_5b093561e4b0fdb2aa53daba,"It's catchy, all right.",2018-05-26,,https://img.huffingtonpost.com/asset/62b4490a220000371d4f7733.png?cache=0mFIua8Twh&ops=210_120,0.920343816280365,0.07143401354551315,0.0
62,62.0,ENTERTAINMENT,Donald Trump Is Lovin' New McDonald's Jingle In 'Tonight Show' Bit,Ron Dicker,https://www.huffingtonpost.com/entry/donald-trump-mcondalds-tonight-show_us_5b093561e4b0fdb2aa53daba,"It's catchy, all right.",2018-05-26,,https://img.huffingtonpost.com/asset/62b3e0c4210000be375ee1a0.jpg?cache=t8P57DwIZv&ops=210_120,0.00038317928556352854,0.07876130938529968,0.0
63,63.0,ENTERTAINMENT,Donald Trump Is Lovin' New McDonald's Jingle In 'Tonight Show' Bit,Ron Dicker,https://www.huffingtonpost.com/entry/donald-trump-mcondalds-tonight-show_us_5b093561e4b0fdb2aa53daba,"It's catchy, all right.",2018-05-26,,https://img.huffingtonpost.com/asset/62b357c22500006e3a32e5a3.jpeg?ops=210_120,0.0002544078743085265,0.0011259311577305198,0.9986196756362915
64,64.0,ENTERTAINMENT,Donald Trump Is Lovin' New McDonald's Jingle In 'Tonight Show' Bit,Ron Dicker,https://www.huffingtonpost.com/entry/donald-trump-mcondalds-tonight-show_us_5b093561e4b0fdb2aa53daba,"It's catchy, all right.",2018-05-26,McFizz Sakuranbo -- Japan,https://img.huffingtonpost.com/asset/59526b29290000bc0f3b152e.jpeg?ops=scalefit_960_noupscale,6.518455109016941e-08,0.00016009790124371648,0.9998397827148438
65,65.0,ENTERTAINMENT,Donald Trump Is Lovin' New McDonald's Jingle In 'Tonight Show' Bit,Ron Dicker,https://www.huffingtonpost.com/entry/donald-trump-mcondalds-tonight-show_us_5b093561e4b0fdb2aa53daba,"It's catchy, all right.",2018-05-26,"Ron Dicker - General Assignment Reporter, HuffPost",https://img.huffingtonpost.com/asset/5cd400b62100005900d41396.jpg?ops=100_100,0.0026692873798310757,0.7466530203819275,0.0
66,66.0,ENTERTAINMENT,Donald Trump Is Lovin' New McDonald's Jingle In 'Tonight Show' Bit,Ron Dicker,https://www.huffingtonpost.com/entry/donald-trump-mcondalds-tonight-show_us_5b093561e4b0fdb2aa53daba,"It's catchy, all right.",2018-05-26,,https://img.huffingtonpost.com/asset/62bb3d1d250000845032edbe.jpeg?ops=92_92,0.03558552637696266,0.6968693733215332,0.0
67,67.0,ENTERTAINMENT,Donald Trump Is Lovin' New McDonald's Jingle In 'Tonight Show' Bit,Ron Dicker,https://www.huffingtonpost.com/entry/donald-trump-mcondalds-tonight-show_us_5b093561e4b0fdb2aa53daba,"It's catchy, all right.",2018-05-26,,https://img.huffingtonpost.com/asset/62bae6ed210000bf375ee937.jpeg?cache=XvO6LwHdKL&ops=92_92,0.0477023608982563,0.04397817701101303,0.0
68,68.0,ENTERTAINMENT,Donald Trump Is Lovin' New McDonald's Jingle In 'Tonight Show' Bit,Ron Dicker,https://www.huffingtonpost.com/entry/donald-trump-mcondalds-tonight-show_us_5b093561e4b0fdb2aa53daba,"It's catchy, all right.",2018-05-26,,https://img.huffingtonpost.com/asset/62bad7102500002549474bca.jpeg?cache=DmFZo6tnRV&ops=92_92,0.9426860809326172,0.02318904548883438,0.0
69,69.0,ENTERTAINMENT,Donald Trump Is Lovin' New McDonald's Jingle In 'Tonight Show' Bit,Ron Dicker,https://www.huffingtonpost.com/entry/donald-trump-mcondalds-tonight-show_us_5b093561e4b0fdb2aa53daba,"It's catchy, all right.",2018-05-26,,https://img.huffingtonpost.com/asset/62bb42f12500000a38474c6a.jpeg?cache=2rpzBgHXMJ&ops=92_92,0.06642880290746689,0.012507602572441101,0.9210636019706726
70,70.0,ENTERTAINMENT,What To Watch On Amazon Prime That’s New This Week,Todd Van Luling,https://www.huffingtonpost.com/entry/amazon-prime-what-to-watch_us_5b044625e4b0c0b8b23ec14f,There's a great mini-series joining this week.,2018-05-26,"""The ABC Murders"" on Amazon Prime.",https://img.huffingtonpost.com/asset/5c51d7b42600000702faf030.jpeg?cache=Z97KfweoKN&ops=scalefit_720_noupscale,0.10691898316144943,0.6431199908256531,0.0
71,71.0,ENTERTAINMENT,What To Watch On Amazon Prime That’s New This Week,Todd Van Luling,https://www.huffingtonpost.com/entry/amazon-prime-what-to-watch_us_5b044625e4b0c0b8b23ec14f,There's a great mini-series joining this week.,2018-05-26,,https://img.huffingtonpost.com/asset/5c50d58823000004011fa30d.jpeg?ops=scalefit_720_noupscale,0.9845257997512817,0.015409278683364391,0.0
72,72.0,ENTERTAINMENT,What To Watch On Amazon Prime That’s New This Week,Todd Van Luling,https://www.huffingtonpost.com/entry/amazon-prime-what-to-watch_us_5b044625e4b0c0b8b23ec14f,There's a great mini-series joining this week.,2018-05-26,,https://img.huffingtonpost.com/asset/62b3924821000094355ee173.jpg?cache=uGf3THmUcO&ops=210_120,0.3388975262641907,0.6062232255935669,0.0
73,73.0,ENTERTAINMENT,What To Watch On Amazon Prime That’s New This Week,Todd Van Luling,https://www.huffingtonpost.com/entry/amazon-prime-what-to-watch_us_5b044625e4b0c0b8b23ec14f,There's a great mini-series joining this week.,2018-05-26,,https://img.huffingtonpost.com/asset/62b225812200006a2f4f74e3.jpg?cache=D9EiqWvinY&ops=210_120,0.479535311460495,0.5136289596557617,0.0
74,74.0,ENTERTAINMENT,What To Watch On Amazon Prime That’s New This Week,Todd Van Luling,https://www.huffingtonpost.com/entry/amazon-prime-what-to-watch_us_5b044625e4b0c0b8b23ec14f,There's a great mini-series joining this week.,2018-05-26,,https://img.huffingtonpost.com/asset/62b213b1250000a12e47428a.jpg?cache=1821VC00iG&ops=210_120,0.0001287015766138211,0.00024958516587503254,0.9996216297149658
75,75.0,ENTERTAINMENT,What To Watch On Amazon Prime That’s New This Week,Todd Van Luling,https://www.huffingtonpost.com/entry/amazon-prime-what-to-watch_us_5b044625e4b0c0b8b23ec14f,There's a great mini-series joining this week.,2018-05-26,"Todd Van Luling - Senior Culture Reporter, HuffPost",https://img.huffingtonpost.com/asset/5e5b285f2300000e0d0bf664.jpg?ops=100_100,0.09734396636486053,0.6821238398551941,0.0
76,76.0,ENTERTAINMENT,What To Watch On Amazon Prime That’s New This Week,Todd Van Luling,https://www.huffingtonpost.com/entry/amazon-prime-what-to-watch_us_5b044625e4b0c0b8b23ec14f,There's a great mini-series joining this week.,2018-05-26,,https://img.huffingtonpost.com/asset/62a768df210000b1215ed5ac.png?cache=pxmi4p7rbt&ops=280_280,0.03538323566317558,0.7377739548683167,0.0
77,77.0,ENTERTAINMENT,What To Watch On Amazon Prime That’s New This Week,Todd Van Luling,https://www.huffingtonpost.com/entry/amazon-prime-what-to-watch_us_5b044625e4b0c0b8b23ec14f,There's a great mini-series joining this week.,2018-05-26,,https://img.huffingtonpost.com/asset/62a768df210000b1215ed5ac.png?cache=pxmi4p7rbt&ops=434_244,0.021513545885682106,0.3943740427494049,0.0
78,78.0,ENTERTAINMENT,What To Watch On Amazon Prime That’s New This Week,Todd Van Luling,https://www.huffingtonpost.com/entry/amazon-prime-what-to-watch_us_5b044625e4b0c0b8b23ec14f,There's a great mini-series joining this week.,2018-05-26,,https://img.huffingtonpost.com/asset/62a267662100008d185ed263.jpeg?cache=xmDIwNYWEr&ops=280_280,0.020508352667093277,0.4534812569618225,0.0
79,79.0,ENTERTAINMENT,What To Watch On Amazon Prime That’s New This Week,Todd Van Luling,https://www.huffingtonpost.com/entry/amazon-prime-what-to-watch_us_5b044625e4b0c0b8b23ec14f,There's a great mini-series joining this week.,2018-05-26,,https://img.huffingtonpost.com/asset/62a267662100008d185ed263.jpeg?cache=xmDIwNYWEr&ops=434_244,0.001131944009102881,0.9300952553749084,0.06877279281616211
80,80.0,ENTERTAINMENT,Mike Myers Reveals He'd 'Like To' Do A Fourth Austin Powers Film,Andy McDonald,https://www.huffingtonpost.com/entry/mike-myers-reveals-he-wants-to-do-a-fourth-austin-powers-film_us_5b096198e4b0802d69cb9f15,"Myer's kids may be pushing for a new ""Powers"" film more than anyone.",2018-05-26,Andy McDonald,https://img.huffingtonpost.com/asset/55f1b6b3170000b900569da5.jpg?ops=100_100,0.8762853741645813,0.10808318853378296,0.0
81,81.0,ENTERTAINMENT,Mike Myers Reveals He'd 'Like To' Do A Fourth Austin Powers Film,Andy McDonald,https://www.huffingtonpost.com/entry/mike-myers-reveals-he-wants-to-do-a-fourth-austin-powers-film_us_5b096198e4b0802d69cb9f15,"Myer's kids may be pushing for a new ""Powers"" film more than anyone.",2018-05-26,,https://img.huffingtonpost.com/asset/62b3e0c4210000be375ee1a0.jpg?cache=t8P57DwIZv&ops=210_120,6.969706873860559e-07,0.7970359325408936,0.0
82,82.0,ENTERTAINMENT,Mike Myers Reveals He'd 'Like To' Do A Fourth Austin Powers Film,Andy McDonald,https://www.huffingtonpost.com/entry/mike-myers-reveals-he-wants-to-do-a-fourth-austin-powers-film_us_5b096198e4b0802d69cb9f15,"Myer's kids may be pushing for a new ""Powers"" film more than anyone.",2018-05-26,,https://img.huffingtonpost.com/asset/62b357c22500006e3a32e5a3.jpeg?ops=210_120,3.948175799450837e-05,0.9759638905525208,0.0
83,83.0,ENTERTAINMENT,Mike Myers Reveals He'd 'Like To' Do A Fourth Austin Powers Film,Andy McDonald,https://www.huffingtonpost.com/entry/mike-myers-reveals-he-wants-to-do-a-fourth-austin-powers-film_us_5b096198e4b0802d69cb9f15,"Myer's kids may be pushing for a new ""Powers"" film more than anyone.",2018-05-26,,https://img.huffingtonpost.com/asset/62b40824250000ea3047447a.png?cache=GsOXLr5R8I&ops=210_120,0.00024844257859513164,0.20414018630981445,0.7956113815307617
84,84.0,ENTERTAINMENT,Mike Myers Reveals He'd 'Like To' Do A Fourth Austin Powers Film,Andy McDonald,https://www.huffingtonpost.com/entry/mike-myers-reveals-he-wants-to-do-a-fourth-austin-powers-film_us_5b096198e4b0802d69cb9f15,"Myer's kids may be pushing for a new ""Powers"" film more than anyone.",2018-05-26,"Andy McDonald - Writer, HuffPost",https://img.huffingtonpost.com/asset/55f1b6b3170000b900569da5.jpg?ops=100_100,0.014308570884168148,0.5604915022850037,0.0
85,85.0,ENTERTAINMENT,Mike Myers Reveals He'd 'Like To' Do A Fourth Austin Powers Film,Andy McDonald,https://www.huffingtonpost.com/entry/mike-myers-reveals-he-wants-to-do-a-fourth-austin-powers-film_us_5b096198e4b0802d69cb9f15,"Myer's kids may be pushing for a new ""Powers"" film more than anyone.",2018-05-26,,https://img.huffingtonpost.com/asset/62bb3d1d250000845032edbe.jpeg?ops=92_92,0.47630709409713745,0.46258345246315,0.0
86,86.0,ENTERTAINMENT,Mike Myers Reveals He'd 'Like To' Do A Fourth Austin Powers Film,Andy McDonald,https://www.huffingtonpost.com/entry/mike-myers-reveals-he-wants-to-do-a-fourth-austin-powers-film_us_5b096198e4b0802d69cb9f15,"Myer's kids may be pushing for a new ""Powers"" film more than anyone.",2018-05-26,,https://img.huffingtonpost.com/asset/62bae6ed210000bf375ee937.jpeg?cache=XvO6LwHdKL&ops=92_92,0.0005073085776530206,0.3329561650753021,0.0
87,87.0,ENTERTAINMENT,Mike Myers Reveals He'd 'Like To' Do A Fourth Austin Powers Film,Andy McDonald,https://www.huffingtonpost.com/entry/mike-myers-reveals-he-wants-to-do-a-fourth-austin-powers-film_us_5b096198e4b0802d69cb9f15,"Myer's kids may be pushing for a new ""Powers"" film more than anyone.",2018-05-26,,https://img.huffingtonpost.com/asset/62bad7102500002549474bca.jpeg?cache=DmFZo6tnRV&ops=92_92,0.02219603769481182,0.36358165740966797,0.0
88,88.0,ENTERTAINMENT,Mike Myers Reveals He'd 'Like To' Do A Fourth Austin Powers Film,Andy McDonald,https://www.huffingtonpost.com/entry/mike-myers-reveals-he-wants-to-do-a-fourth-austin-powers-film_us_5b096198e4b0802d69cb9f15,"Myer's kids may be pushing for a new ""Powers"" film more than anyone.",2018-05-26,,https://img.huffingtonpost.com/asset/62bb42f12500000a38474c6a.jpeg?cache=2rpzBgHXMJ&ops=92_92,0.0008841959061101079,0.2604209780693054,0.0
89,89.0,ENTERTAINMENT,Mike Myers Reveals He'd 'Like To' Do A Fourth Austin Powers Film,Andy McDonald,https://www.huffingtonpost.com/entry/mike-myers-reveals-he-wants-to-do-a-fourth-austin-powers-film_us_5b096198e4b0802d69cb9f15,"Myer's kids may be pushing for a new ""Powers"" film more than anyone.",2018-05-26,,https://img.huffingtonpost.com/asset/62bacdd82500000745474bc0.jpeg?ops=92_92,0.039553042501211166,0.08850802481174469,0.871938943862915
90,90.0,ENTERTAINMENT,What To Watch On Hulu That’s New This Week,Todd Van Luling,https://www.huffingtonpost.com/entry/hulu-what-to-watch_us_5b0445bae4b0c0b8b23ec046,You're getting a recent Academy Award-winning movie.,2018-05-26,Todd Van Luling,https://img.huffingtonpost.com/asset/5e5b285f2300000e0d0bf664.jpg?ops=100_100,7.555736829090165e-06,2.4897995899664238e-05,0.9999675750732422
91,91.0,ENTERTAINMENT,What To Watch On Hulu That’s New This Week,Todd Van Luling,https://www.huffingtonpost.com/entry/hulu-what-to-watch_us_5b0445bae4b0c0b8b23ec046,You're getting a recent Academy Award-winning movie.,2018-05-26,"""Moonrise Kingdom"" comes to Hulu.",https://img.huffingtonpost.com/asset/5b9aad16240000320052a1dd.jpeg?ops=scalefit_720_noupscale,0.2657306492328644,0.32657134532928467,0.0
92,92.0,ENTERTAINMENT,What To Watch On Hulu That’s New This Week,Todd Van Luling,https://www.huffingtonpost.com/entry/hulu-what-to-watch_us_5b0445bae4b0c0b8b23ec046,You're getting a recent Academy Award-winning movie.,2018-05-26,,https://img.huffingtonpost.com/asset/5b9aaf03240000320052a1df.jpeg?ops=scalefit_720_noupscale,0.7260316610336304,0.2535417973995209,0.0
93,93.0,ENTERTAINMENT,What To Watch On Hulu That’s New This Week,Todd Van Luling,https://www.huffingtonpost.com/entry/hulu-what-to-watch_us_5b0445bae4b0c0b8b23ec046,You're getting a recent Academy Award-winning movie.,2018-05-26,,https://img.huffingtonpost.com/asset/62b20b9e250000290a32e42c.png?cache=M0Y7uXHYuF&ops=210_120,0.9421851634979248,0.05582057312130928,0.0
94,94.0,ENTERTAINMENT,What To Watch On Hulu That’s New This Week,Todd Van Luling,https://www.huffingtonpost.com/entry/hulu-what-to-watch_us_5b0445bae4b0c0b8b23ec046,You're getting a recent Academy Award-winning movie.,2018-05-26,,https://img.huffingtonpost.com/asset/62b213b1250000a12e47428a.jpg?cache=1821VC00iG&ops=210_120,0.19912442564964294,0.23214954137802124,0.0
95,95.0,ENTERTAINMENT,What To Watch On Hulu That’s New This Week,Todd Van Luling,https://www.huffingtonpost.com/entry/hulu-what-to-watch_us_5b0445bae4b0c0b8b23ec046,You're getting a recent Academy Award-winning movie.,2018-05-26,,https://img.huffingtonpost.com/asset/62b7ebfc250000793e32eaad.jpeg?cache=3hz0xKfMMs&ops=210_120,0.00019726360915228724,0.00044141762191429734,0.9993613362312317
96,96.0,ENTERTAINMENT,What To Watch On Hulu That’s New This Week,Todd Van Luling,https://www.huffingtonpost.com/entry/hulu-what-to-watch_us_5b0445bae4b0c0b8b23ec046,You're getting a recent Academy Award-winning movie.,2018-05-26,"Todd Van Luling - Senior Culture Reporter, HuffPost",https://img.huffingtonpost.com/asset/5e5b285f2300000e0d0bf664.jpg?ops=100_100,0.2646593451499939,0.5138168931007385,0.0
97,97.0,ENTERTAINMENT,What To Watch On Hulu That’s New This Week,Todd Van Luling,https://www.huffingtonpost.com/entry/hulu-what-to-watch_us_5b0445bae4b0c0b8b23ec046,You're getting a recent Academy Award-winning movie.,2018-05-26,,https://img.huffingtonpost.com/asset/62bb3d1d250000845032edbe.jpeg?ops=92_92,0.45411816239356995,0.4870889484882355,0.0
98,98.0,ENTERTAINMENT,What To Watch On Hulu That’s New This Week,Todd Van Luling,https://www.huffingtonpost.com/entry/hulu-what-to-watch_us_5b0445bae4b0c0b8b23ec046,You're getting a recent Academy Award-winning movie.,2018-05-26,,https://img.huffingtonpost.com/asset/62bae6ed210000bf375ee937.jpeg?cache=XvO6LwHdKL&ops=92_92,0.15320079028606415,0.21310025453567505,0.0
99,99.0,ENTERTAINMENT,What To Watch On Hulu That’s New This Week,Todd Van Luling,https://www.huffingtonpost.com/entry/hulu-what-to-watch_us_5b0445bae4b0c0b8b23ec046,You're getting a recent Academy Award-winning movie.,2018-05-26,,https://img.huffingtonpost.com/asset/62bad7102500002549474bca.jpeg?cache=DmFZo6tnRV&ops=92_92,,,
