,category,headline,authors,link,short descr,date,image_caption(s),image_link(s)
0,WORLD NEWS,India Approves Death Penalty For Child Rapists Amid Outrage Over Recent Cases,,https://www.huffingtonpost.com/entry/india-death-penalty-child-rapists_us_5adb43efe4b075b631e62e45,"In the emergency meeting called by Prime Minister Narendra Modi, the cabinet passed an executive order to amend the criminal law.",2018-04-21,Reuters logo,https://cambria.assets.huffpost.com/images/partners/reuters.hash-80f2d07a2f31891e1501eaeb38dfb3b9.png
1,COMEDY,Stephen Colbert Pokes Holes In Trump's Abstinence-Only Sex Education Agenda,Lee Moran,https://www.huffingtonpost.com/entry/stephen-colbert-trump-abstinence-only-education_us_5adaef63e4b009869bf99128,"‚ÄúHow do you spend that much money on not giving away condoms?""",2018-04-21,Lee Moran,https://img.huffingtonpost.com/asset/5d243183250000b21ae9cc35.jpg?ops=100_100
2,IMPACT,The Tiny Soccer Club Fighting For Survival Against A New York Investment Fund,"Angus Harrison, On assignment for HuffPost",https://www.huffingtonpost.com/entry/dulwich-hamlet-soccer-displacement_us_5ad86a26e4b0e4d0715d94d6,"Evicted from its stadium, Dulwich Hamlet, a 125-year-old soccer club with strong community ties, is standing firm.",2018-04-21,Dulwich Hamlet supporters celebrate a goal against Thurrock F.C. in an April match.,https://img.huffingtonpost.com/asset/5ad9d6fa1f0000270616daed.jpeg?ops=scalefit_1280_noupscale
3,POLITICS,"Donald Trump Rips New York Times Reporter, Denies Michael Cohen Will 'Flip'",Lee Moran,https://www.huffingtonpost.com/entry/donald-trump-new-york-times-michael-cohen_us_5adb31d8e4b009869bf9b5d4,"""Sorry, I don‚Äôt see Michael doing that despite the horrible Witch Hunt and the dishonest media!""",2018-04-21,Lee Moran,https://img.huffingtonpost.com/asset/5d243183250000b21ae9cc35.jpg?ops=100_100
4,POLITICS,"Trump Lied He Was 'Ladies Man' At All-Male School, Biographer Says",Lee Moran,https://www.huffingtonpost.com/entry/trump-biographer-trump-liar_us_5adafae9e4b009869bf99816,"""He has been doing this forever,"" the author said of Trump's habit of lying.",2018-04-21,Lee Moran,https://img.huffingtonpost.com/asset/5d243183250000b21ae9cc35.jpg?ops=100_100
5,POLITICS,Twitter Perplexed As Trump Spouts Off Again About 'Illegal Special Council',Mary Papenfuss,https://www.huffingtonpost.com/entry/trump-confounding-comey-tweet_us_5adab2a2e4b089e33c88356c,Tweets: Go to bed.,2018-04-21,Mary Papenfuss,https://img.huffingtonpost.com/asset/5c53f909360000000b68109e.jpg?ops=100_100
6,ENTERTAINMENT,"R. Kelly's Lawyer, Publicist And Assistant Flee From Singer Amid Scandals",Andy McDonald,https://www.huffingtonpost.com/entry/r-kellys-lawyer-publicist-and-assistant-all-quit-on-him-amid-scandals_us_5adb93bfe4b075b631e65164,The R&B artist has a long string of sexual misconduct allegations.,2018-04-21,Andy McDonald,https://img.huffingtonpost.com/asset/55f1b6b3170000b900569da5.jpg?ops=100_100
7,ENTERTAINMENT,"Taylor Swift Stalker Breaks Into Singer's Home, Takes Nap",Andy McDonald,https://www.huffingtonpost.com/entry/taylor-swift-stalker-breaks-into-singers-home-and-takes-a-nap_us_5adb6362e4b009869bf9d6ea,"Fortunately, the singer was not home at the time.",2018-04-21,Andy McDonald,https://img.huffingtonpost.com/asset/55f1b6b3170000b900569da5.jpg?ops=100_100
8,ENTERTAINMENT,Matt LeBlanc Has The Grossest Story About Rachel's Meat Trifle In 'Friends',Lee Moran,https://www.huffingtonpost.com/entry/matt-leblanc-friends-meat-trifle_us_5adb05b6e4b089e33c885726,"Not so ""goooooood.""",2018-04-21,Lee Moran,https://img.huffingtonpost.com/asset/5d243183250000b21ae9cc35.jpg?ops=100_100
9,COMEDY,Bill Maher Roasts Donald Trump Over His Close Relationship With Sean Hannity,Lee Moran,https://www.huffingtonpost.com/entry/bill-maher-donald-trump-sean-hannity_us_5adad907e4b075b631e5ea20,"""Can you imagine if they found out that Obama was talking to Rachel Maddow every day?""",2018-04-21,Lee Moran,https://img.huffingtonpost.com/asset/5d243183250000b21ae9cc35.jpg?ops=100_100
10,POLITICS,Michael Bloomberg Accuses Scott Pruitt Of Abandoning The Environment '100 Percent',Mary Papenfuss,https://www.huffingtonpost.com/entry/michael-bloomberg-scott-pruitt-environment_us_5ada6841e4b009869bf965f2,"""To debunk science and walk away from it is ridiculous,"" the former mayor said.",2018-04-21,Mary Papenfuss,https://img.huffingtonpost.com/asset/5c53f909360000000b68109e.jpg?ops=100_100
11,ENTERTAINMENT,'Austin Powers' Actor Verne Troyer Dead At 49,Carla Herreria,https://www.huffingtonpost.com/entry/verne-troyer-dead_us_5adb9d77e4b089e33c88ad92,"The actor, famous for his performance of Mini-Me, ‚Äúwas a fighter when it came to his own battles,‚Äù his representatives said.",2018-04-21,Carla Herreria Russo,https://img.huffingtonpost.com/asset/5cd4f1fa2000003000964309.png?ops=100_100
12,POLITICS,13 Billboards Call Out How Much Money Politicians Got From The NRA,Sarah Ruiz-Grossman,https://www.huffingtonpost.com/entry/billboards-nra-campaign-gun-survivors_us_5ada7b85e4b075b631e5d0d3,"The campaign was launched by the parents of a victim of the Aurora, Colorado, theater massacre.",2018-04-21,Sarah Ruiz-Grossman,https://img.huffingtonpost.com/asset/5cd38d902300003000b7dc80.png?ops=100_100
13,POLITICS,Brothers Linked To Assad Gave Thousands To Dennis Kucinich's Ohio Political Machine,Akbar Shahid Ahmed,https://www.huffingtonpost.com/entry/brothers-syria-assad-donations-dennis-kucinich-ohio_us_5ada6d6fe4b009869bf96907,"The former congressman is seeking the Democratic nomination in Ohio's gubernatorial race and recently revealed he accepted $20,000 from a pro-Assad group.",2018-04-21,Akbar Shahid Ahmed,https://img.huffingtonpost.com/asset/5db0b614200000f22250696d.jpg?ops=100_100
14,POLITICS,Former Presidents Gather For Barbara Bush's Texas Funeral,"Erwin Seba, Reuters",https://www.huffingtonpost.com/entry/former-presidents-to-gather-for-barbara-bushs-texas-funeral_us_5adb603be4b075b631e6374d,Former President George H.W. Bush wore book socks to honor his late wife's devotion to literacy.,2018-04-21,Reuters logo,https://cambria.assets.huffpost.com/images/partners/reuters.hash-80f2d07a2f31891e1501eaeb38dfb3b9.png
15,POLITICS,Montana Democrat Rips Sinclair Broadcasting In Ad On Sinclair Stations,Daniel Marans,https://www.huffingtonpost.com/entry/montana-democrat-john-heenan-ad-blasting-sinclair_us_5adb877ae4b009869bf9ee5f,Congressional candidate John Heenan says the local news giant is abusing its power and taking advantage of journalists.,2018-04-21,Daniel Marans,https://img.huffingtonpost.com/asset/5c122b8b24000001018c7fce.jpeg?ops=100_100
16,POLITICS,Democrats Look To Their Successful 2006 Messaging In Bid To Retake The House,Amanda Terkel,https://www.huffingtonpost.com/entry/culture-of-corruption_us_5ad8d8dce4b029ebe0221dff,"Going after a GOP ""culture of corruption"" worked then. Will it work now?",2018-04-21,Amanda Terkel,https://img.huffingtonpost.com/asset/5cd094111f00002f003189ee.png?ops=100_100
17,SPORTS,Colin Kaepernick Receives Amnesty International's Highest Honor For Activism,Sara Boboltz,https://www.huffingtonpost.com/entry/colin-kaepernick-receives-amnesty-internationals-highest-honor-for-activism_us_5adb89b0e4b009869bf9eef2,"The NFL quarterback took a knee during the national anthem to protest police brutality and inequality, stirring a wave of activism in pro sports.",2018-04-21,Sara Boboltz,https://img.huffingtonpost.com/asset/5bfe09312400001e005838fc.png?ops=100_100
18,CRIME,Felony Charges For Father Of Toddler Who Shot Pregnant Mom,David Moye,https://www.huffingtonpost.com/entry/menzo-brazier-toddler-shot-mom_us_5ada67cde4b075b631e5c63a,"The father allegedly told his daughter, ‚ÄúWhat did you do? Were you playing with daddy‚Äôs gun? ... You aren‚Äôt supposed to play with daddy‚Äôs gun.‚Äù",2018-04-21,David Moye,https://img.huffingtonpost.com/asset/5cd4f01a2500002f00a0dba1.png?ops=100_100
19,BLACK VOICES,"Ellen On Shootings Of Unarmed Black Men: 'As A White Person, I'm Ashamed'",Hilary Hanson,https://www.huffingtonpost.com/entry/ellen_us_5adb6f8ae4b009869bf9e01f,"Ellen Degeneres and Van Jones had a talk about racism and police violence on ""The Ellen Show.""",2018-04-21,Hilary Hanson,https://img.huffingtonpost.com/asset/5c154e9924000053008c862c.png?ops=100_100
20,POLITICS,Trump Presidency Is Taking The Luster Off Trump Tower,S.V. Date,https://www.huffingtonpost.com/entry/trump-tower-trap-fires_us_5ada1e0ae4b03c426dae2217,"The high-rise with the stunning views of Central Park has become a money trap for some residents. For one man, it became a fire trap, too.",2018-04-21,Concert pianist Jerome Rose in front of Trump Tower in New York on April 13. Rose advocated for sprinklers in high-rise apartments after a fatal fire in his building in 1998.,https://img.huffingtonpost.com/asset/5ad112891e00003b137b17a0.jpeg?cache=PmhLXruDIU&ops=scalefit_1280_noupscale
21,ENTERTAINMENT,Meeting Mr. Wright,Leigh Blickley,https://www.huffingtonpost.com/entry/jeffrey-wright-westworld-hbo_us_5ad7b9bae4b03c426daaf38d,"He‚Äôs ‚Äúthat guy‚Äù in every HBO series ‚Äî and ""that android"" in ‚ÄúWestworld‚Äù ‚Äî but chances are, you don't know anything about the real Jeffrey Wright.",2018-04-21,,https://img.huffingtonpost.com/asset/5ad7ba401e000008087b1e39.jpeg?cache=FHlEH29a7G&ops=scalefit_1280_noupscale
22,ENTERTAINMENT,Jim Carrey Turns Paintbrush On Rudy Giuliani With Ghoulish New Portrait,Lee Moran,https://www.huffingtonpost.com/entry/jim-carrey-rudy-giuliani-portrait-trump_us_5adade10e4b089e33c8842b2,"‚ÄúGhouliani: Finally a face we can trust.""",2018-04-21,Lee Moran,https://img.huffingtonpost.com/asset/5d243183250000b21ae9cc35.jpg?ops=100_100
23,WORLD NEWS,"Democrats Sue Russia And Trump Campaign, Alleging Conspiracy In 2016 Election","Mark Hosenball and David Alexander, Reuters",https://www.huffingtonpost.com/entry/democrats-sue-russia-trump-conspiracy_us_5ada66eae4b009869bf96537,The party alleged that top officials in Trump‚Äôs campaign conspired with Russia to hurt Hillary Clinton .,2018-04-20,Reuters logo,https://cambria.assets.huffpost.com/images/partners/reuters.hash-80f2d07a2f31891e1501eaeb38dfb3b9.png
24,WORLD NEWS,Kangaroo Dies After Visitors At Chinese Zoo Hurl Rocks To Force Her To Jump,Dominique Mosbergen,https://www.huffingtonpost.com/entry/kangaroo-china-dies-throw-rocks_us_5ada572ce4b00a1849cf477d,A male kangaroo at the same zoo was injured after a brick chunk was thrown at him.,2018-04-20,Dominique Mosbergen,https://img.huffingtonpost.com/asset/5c1a07db2400001b008c87e6.jpg?ops=100_100
25,WORLD NEWS,North Korea Suspends Nuclear And Missile Tests: State Media,Carla Herreria and Eline Gordts,https://www.huffingtonpost.com/entry/north-korea-suspends-nuclear-missile-test_us_5ada67f0e4b009869bf965e2,Pyongyang also said it plans to close down a former test site.,2018-04-20,"North Korean dictator Kim Jong Un said the country ""will join international efforts"" to halt ""the nuclear test altogether.""",https://img.huffingtonpost.com/asset/5ada68bc1800004800e880ca.jpeg?cache=KIY5Gfi7lh&ops=scalefit_720_noupscale
26,ENTERTAINMENT,Busy Philipps Recalls 'Dawson's Creek'-Era 'Wild' Bar Nights With Michelle Williams,Jenna Amatulli,https://www.huffingtonpost.com/entry/busy-philipps-recalls-dawsons-creek-era-wild-bar-nights-with-michelle-williams_us_5ad9f7fee4b029ebe02398e6,"""I flipped my nose ring down and was like ‚Ä¶ ‚ÄòShould we take this outside?‚Äô‚Äù the actress said.",2018-04-20,Jenna Amatulli,https://img.huffingtonpost.com/asset/5c3cd2872500003c00c58a38.jpg?ops=100_100
27,MEDIA,LA Times Union Preparing Class-Action Lawsuit Over 'Illegal Pay Disparities',Maxwell Strachan,https://www.huffingtonpost.com/entry/los-angeles-times-class-action-lawsuit_us_5ada51d7e4b00a1849cf3c02,"Last week, an analysis of the newsroom's pay structure revealed wide discrepancies along racial and gender lines.",2018-04-20,Maxwell Strachan,https://img.huffingtonpost.com/asset/5c4944092500003e01c592ac.png?ops=100_100
28,ENTERTAINMENT,Film Fest Moderator Booed For Asking Michelle Pfeiffer About Her Weight,Ron Dicker,https://www.huffingtonpost.com/entry/michaelle-pfeiffer-weight-scarface_us_5ad9d869e4b0e4d0715f8ac6,"The audience ripped apart a question about actress dropping pounds for her character at a ""Scarface"" reunion.",2018-04-20,Ron Dicker,https://img.huffingtonpost.com/asset/5cd400b62100005900d41396.jpg?ops=100_100
29,ENTERTAINMENT,Daniel Craig And Rachel Weisz Expecting First Child Together,Cole Delbyck,https://www.huffingtonpost.com/entry/daniel-craig-and-rachel-weiss-expecting-first-child-together_us_5ad9e87ae4b029ebe0237169,007 is going to be a dad again.,2018-04-20,Cole Delbyck,https://img.huffingtonpost.com/asset/5cc855a6240000090c524d4f.jpg?ops=100_100
30,ENTERTAINMENT,Jimmy Fallon Tells Tina Fey He Hopes His Daughters Grow Up To Be Like Her,Elyse Wanshel,https://www.huffingtonpost.com/entry/jimmy-fallon-tina-fey-daughters_us_5ada01b9e4b0e4d0715ff95a,‚ÄúYou worked so hard and found a voice and found your way and you made your own dreams come true.‚Äù,2018-04-20,Elyse Wanshel,https://img.huffingtonpost.com/asset/5c1161451f0000c407267e90.jpg?ops=100_100
31,POLITICS,Students Mark 19th Anniversary Of Columbine Massacre By Walking Out To Protest Gun Violence,Marina Fang and Sara Boboltz,https://www.huffingtonpost.com/entry/school-walkout-columbine-anniversary_us_5ad9eb75e4b0e4d0715fbd0d,Friday's walkout was somewhat smaller than a similar walkout in March.,2018-04-20,,https://img.huffingtonpost.com/asset/62d0cb8a210000ec9f5f012c.jpeg?cache=lsGUiyHAey&ops=210_120
32,POLITICS,Student Who Walked Out Alone In March Has Company On Columbine Anniversary,Sebastian Murdock,https://www.huffingtonpost.com/entry/justin-blackman-columbine-shooting-anniversary_us_5ad9febfe4b0e4d0715ff1d9,"We're proud of you, Justin.",2018-04-20,Sebastian Murdock,https://img.huffingtonpost.com/asset/55a7a97412000012001350f1.png?ops=100_100
33,POLITICS,"Students From 2,600 Schools Plan Walk Outs To Protest Gun Violence","Keith Coffman, Reuters",https://www.huffingtonpost.com/entry/student-walk-outs-gun-control_us_5ad993fce4b029ebe022b423,"In the past few months, hundreds of thousands of young Americans have taken to the streets to demand tighter gun laws.",2018-04-20,Reuters logo,https://cambria.assets.huffpost.com/images/partners/reuters.hash-80f2d07a2f31891e1501eaeb38dfb3b9.png
34,POLITICS,"Amid DACA Uncertainty, States Open Professions To ‚ÄòDreamers‚Äô","Stateline, Editorial Partner",https://www.huffingtonpost.com/entry/amid-daca-uncertainty-states-open-professions-to-dreamers_us_5ad9ffbbe4b0d6cc69cc734f,Indiana now lets DACA recipients apply for professional licenses. ‚ÄúDreamers‚Äù have thrived for two years in Nebraska with,2018-04-20,Stateline,https://img.huffingtonpost.com/asset/57e414c5180000c90631673f.png?ops=100_100
35,BLACK VOICES,"Syracuse University Suspends Fraternity For Racist, Sexist Video",David Moye,https://www.huffingtonpost.com/entry/theta-tau-syracuse-suspended_us_5ada2db6e4b00a1849cf1767,"A person in the video swears to always hate black people, Latinos and Jews.",2018-04-20,David Moye,https://img.huffingtonpost.com/asset/5cd4f01a2500002f00a0dba1.png?ops=100_100
36,POLITICS,Lawmaker Who Blamed Storm On Jewish Bankers Takes Bizarre Trip To Holocaust Museum,Ed Mazza,https://www.huffingtonpost.com/entry/trayon-white-holocaust-museum_us_5ad964dee4b03c426dacd8d0,"Trayon White Sr. once claimed ""the Rothschilds"" were ""controlling the climate.""",2018-04-20,Ed Mazza,https://img.huffingtonpost.com/asset/5cb0ec852400003b00067e10.jpg?ops=100_100
37,ENTERTAINMENT,"Musicians, Fans Mourn Swedish DJ Avicii After His Death At 28",Jenna Amatulli,https://www.huffingtonpost.com/entry/musicians-fans-mourn-swedish-dj-avicii-after-his-death-at-28_us_5ada2981e4b04090e551ed41,"Calvin Harris, Dua Lipa, Eric Prydz, were among those grieving the Swedish electronic dance music master.",2018-04-20,Jenna Amatulli,https://img.huffingtonpost.com/asset/5c3cd2872500003c00c58a38.jpg?ops=100_100
38,POLITICS,These Are The Students Walking Out Of School To Protest Gun Violence,Chris McGonigal,https://www.huffingtonpost.com/entry/gun-violence-protest-march-photos_us_5ad9fa70e4b03c426dade7f0,Photos from around the country show students marching on the anniversary of the Columbine High School shooting.,2018-04-20,,https://img.huffingtonpost.com/asset/5ada09b31e0000741b7b2135.jpeg?ops=scalefit_1280_noupscale
39,COMEDY,Colbert Has A Fiendish Idea To Keep Michael Cohen From Turning On Trump,Ed Mazza,https://www.huffingtonpost.com/entry/stephen-colbert-michael-cohen_us_5ad94d73e4b029ebe0228c34,It's a foolproof plan. Or is it?,2018-04-20,Ed Mazza,https://img.huffingtonpost.com/asset/5cb0ec852400003b00067e10.jpg?ops=100_100
40,COMEDY,Jimmy Kimmel May Have Just Pulled Off His Greatest Prank Ever,Ed Mazza,https://www.huffingtonpost.com/entry/jimmy-kimmel-scandal-prank_us_5ad97b8fe4b0e4d0715edd3e,"The ""Jimmy Kimmel Live"" host pranked actor Joshua Malina with an absolutely scandalous stunt.",2018-04-20,Ed Mazza,https://img.huffingtonpost.com/asset/5cb0ec852400003b00067e10.jpg?ops=100_100
41,ENTERTAINMENT,"Ariana Grande Drops First Single, 'No Tears Left To Cry,' Since Manchester Attack",Cole Delbyck,https://www.huffingtonpost.com/entry/ariana-grande-no-tears-left-to-cry_us_5ada033ee4b03c426dae027d,New ponytail. New era.,2018-04-20,Cole Delbyck,https://img.huffingtonpost.com/asset/5cc855a6240000090c524d4f.jpg?ops=100_100
42,POLITICS,Ted Cruz Mocked For His Fawning Time Magazine Tribute To Donald Trump,Lee Moran,https://www.huffingtonpost.com/entry/ted-cruz-donald-trump-time-fawning-praise_us_5ad9892de4b03c426dacef2f,"""One of the most humiliating things ever written.""",2018-04-20,Lee Moran,https://img.huffingtonpost.com/asset/5d243183250000b21ae9cc35.jpg?ops=100_100
43,ENTERTAINMENT,Patrick Warburton Revives 'Seinfeld' Fanatic To Rev Up Devils' Crowd,Ron Dicker,https://www.huffingtonpost.com/entry/patrick-warburton-revives-seinfeld-fanatic-to-rev-up-devils-crowd_us_5ad9f492e4b0e4d0715fd318,"""We're the Devils!""",2018-04-20,Ron Dicker,https://img.huffingtonpost.com/asset/5cd400b62100005900d41396.jpg?ops=100_100
44,POLITICS,"No, Hours Of Raging, Deadly Prison Violence Is Not Normal",Dana Liebelson,https://www.huffingtonpost.com/entry/no-hours-of-raging-deadly-prison-violence-is-not-lee-correctional-south-carolina_us_5ada4895e4b00a1849cf2d99,"Violence that killed seven inmates in a South Carolina prison could have been prevented, prison experts say.",2018-04-20,Dana Liebelson,https://img.huffingtonpost.com/asset/5ccca6092400003a01e7812d.jpg?ops=100_100
45,POLITICS,5 Of The Wildest Revelations In The Comey Memos,Willa Frej,https://www.huffingtonpost.com/entry/comey-memos-wildest-revelations_us_5ad9c15ae4b029ebe0231c0a,Trump was obsessed with finding leakers and protecting his reputation.,2018-04-20,Willa Frej,https://img.huffingtonpost.com/asset/563a070f1800001700303c63.jpg?ops=100_100
46,BLACK VOICES,Paper Boi Faces His Ghost In The Latest Episode Of ‚ÄòAtlanta‚Äô,Taryn Finley and Julia Craven,https://www.huffingtonpost.com/entry/atlanta-season-2-episode-8_us_5ada3647e4b04090e551f9bf,This is what happens when keeping it real goes incredibly wrong incredibly fast.,2018-04-20,,https://img.huffingtonpost.com/asset/5ada366e1a00004900533aa7.jpeg?cache=owWThFDMJp&ops=scalefit_1280_noupscale
47,QUEER VOICES,California Lawmakers Consider Bill That Treats Conversion Therapy Like Consumer Fraud,Carol Kuruvilla,https://www.huffingtonpost.com/entry/california-lawmakers-consider-bill-that-treats-conversion-therapy-like-consumer-fraud_us_5ad9ed84e4b029ebe0237ff2,The bill aims to make advertising or selling conversion therapy a fraudulent business practice.,2018-04-20,Carol Kuruvilla,https://img.huffingtonpost.com/asset/5c196de2210000e309caa54f.jpg?ops=100_100
48,POLITICS,Comey Memo: Trump Floated Idea Of Jailing Journalists To Make Them 'Talk',Nick Visser,https://www.huffingtonpost.com/entry/trump-jail-journalists-james-comey-memos_us_5ad96befe4b029ebe0229019,The president wanted to stop leaks pouring from the White House.,2018-04-20,Nick Visser,https://img.huffingtonpost.com/asset/5cd4ea4c2000003000963695.jpeg?ops=100_100
49,ENTERTAINMENT,Natalie Portman Backs Out Of Israel Award Over 'Recent Events',Ron Dicker,https://www.huffingtonpost.com/entry/natalie-portman-genesis-prize_us_5ad9ad4ae4b029ebe022eace,"""She cannot in good conscience move forward with the ceremony.""",2018-04-20,Ron Dicker,https://img.huffingtonpost.com/asset/5cd400b62100005900d41396.jpg?ops=100_100
50,SPORTS,Lance Armstrong Settles $100 Million Federal Fraud Case For $5 Million,"Bernie Woodall, Reuters",https://www.huffingtonpost.com/entry/lance-armstrong-fraud-case-settlement_us_5ad97c79e4b029ebe02297f0,"The former cycling champion was accused of defrauding his sponsor, the U.S. Postal Service, by using performance-enhancing drugs.",2018-04-20,Reuters logo,https://cambria.assets.huffpost.com/images/partners/reuters.hash-80f2d07a2f31891e1501eaeb38dfb3b9.png
51,ENTERTAINMENT,Tina Fey Has A Confession About Those '30 Rock‚Äô Reboot Rumors,Lee Moran,https://www.huffingtonpost.com/entry/tina-fey-30-rock-reboot_us_5ad9b3a2e4b029ebe022f93b,"""A little bit of that is on me.""",2018-04-20,Lee Moran,https://img.huffingtonpost.com/asset/5d243183250000b21ae9cc35.jpg?ops=100_100
52,ENTERTAINMENT,'Glee' Star Kevin McHale Comes Out By The Power Of Ariana Grande,Cole Delbyck,https://www.huffingtonpost.com/entry/glee-star-kevin-mchale-comes-out-with-a-little-help-from-ariana-grande_us_5ada18a1e4b03c426dae1d4e,"He's rumored to be dating ""When We Rise"" co-star Austin McKenzie.",2018-04-20,Cole Delbyck,https://img.huffingtonpost.com/asset/5cc855a6240000090c524d4f.jpg?ops=100_100
53,COMEDY,Trevor Noah Unloads On Gun Owners' Stupid Accidents,Lee Moran,https://www.huffingtonpost.com/entry/trevor-noah-gun-fails_us_5ad99a6ce4b029ebe022be36,"Introducing... ""A Series of Gunfortunate Events.""",2018-04-20,Lee Moran,https://img.huffingtonpost.com/asset/5d243183250000b21ae9cc35.jpg?ops=100_100
54,POLITICS,Chris Christie Sticks Taxpayers With Huge Bill For Official Portrait,Lee Moran,https://www.huffingtonpost.com/entry/chris-christie-official-portrait-cost_us_5ad9a14ce4b03c426dad1a6a,How much?!?,2018-04-20,Lee Moran,https://img.huffingtonpost.com/asset/5d243183250000b21ae9cc35.jpg?ops=100_100
55,ENTERTAINMENT,Michelle Williams Gives The Kookiest Performance Of Her Career In 'I Feel Pretty',Matthew Jacobs,https://www.huffingtonpost.com/entry/michelle-williams-i-feel-pretty_us_5ad64e9ce4b0edca2cbeb5f7,"How a baby-doll voice, NPR, a puppy dress and Ivanka Trump's hair led to this tour de force.",2018-04-20,Matthew Jacobs,https://img.huffingtonpost.com/asset/5c113ccf1d00002e023175d5.png?ops=100_100
56,POLITICS,Twitter Users Taunt Rudy Giuliani Over New Role On Trump Legal Team,Lee Moran,https://www.huffingtonpost.com/entry/rudy-giuliani-donald-trump-legal-reaction_us_5ad99114e4b0e4d0715ef53c,"""Let‚Äôs bring back an unpopular character from Season One!""",2018-04-20,Lee Moran,https://img.huffingtonpost.com/asset/5d243183250000b21ae9cc35.jpg?ops=100_100
57,CRIME,2 Florida Deputies Shot Dead While Eating At Chinese Restaurant,Carla Herreria,https://www.huffingtonpost.com/entry/trenton-florida-deputies-shot_us_5ad93ad3e4b029ebe0228740,The unidentified gunman was found dead outside the restaurant. Officials have not given a motive.,2018-04-20,Carla Herreria Russo,https://img.huffingtonpost.com/asset/5cd4f1fa2000003000964309.png?ops=100_100
58,POLITICS,Exclusive: 'Everyday Guy' Describes How He Brought Down An American Terrorist Cell,Ryan J. Reilly,https://www.huffingtonpost.com/entry/right-wing-terrorism-dan-day-fbi-informant_us_5ad80fa7e4b03c426dab314c,"Dan Day -- a gun-toting Kansan -- felt a ""calling from God"" to work with the FBI to prevent militiamen's attack on Muslim refugees.",2018-04-20,Ryan J. Reilly,https://img.huffingtonpost.com/asset/5c1228202600005e0484ece5.jpeg?ops=100_100
59,WEIRD NEWS,These Old Marijuana Movie Posters May Scare You Into Smoking Pot,David Moye and Chris McGonigal,https://www.huffingtonpost.com/entry/marijuana-movie-posters_us_5ad6644ae4b03c426da922e3,"According to these films, smoking pot may make you dance the Charleston.",2018-04-20,,https://img.huffingtonpost.com/asset/5ad621062000002d00eb4ed5.jpeg?cache=GYloRo460e&ops=scalefit_960_noupscale
60,WEIRD NEWS,It's Always 420 In These Ridiculous Marijuana Stock Photos,David Moye and Chris McGonigal,https://www.huffingtonpost.com/entry/marijuana-stock-photos-420_us_5ad7c797e4b0e4d0715cff0a,Here are the cheesiest ones.,2018-04-20,,https://img.huffingtonpost.com/asset/5ad7afc32000002d00eb5109.jpeg?ops=scalefit_960_noupscale
61,CRIME,Coroner Reclassifies A Man's Suspicious Death After HuffPost Investigates,David Lohr,https://www.huffingtonpost.com/entry/shawn-arthur-death-reclassified-louisiana_us_5ad8ebace4b03c426dac880c,An incarcerated woman said that she and her partner were involved in Shawn Arthur's death.,2018-04-20,David Lohr,https://img.huffingtonpost.com/asset/55a6ae3a1200002f00134dd7.jpg?ops=100_100
62,POLITICS,Here Are The Redacted Copies Of The Comey Memos,Nick Visser,https://www.huffingtonpost.com/entry/comey-memos-released_us_5ad93952e4b0e4d0715ecc05,"""He said he was grateful for the conversation, said more nice things about me and how he looks forward to working with me,"" Comey wrote of meeting with Trump.",2018-04-20,Nick Visser,https://img.huffingtonpost.com/asset/5cd4ea4c2000003000963695.jpeg?ops=100_100
63,POLITICS,The Big New Idea For Reducing Health Care Costs Is Actually Really Old,Jonathan Cohn,https://www.huffingtonpost.com/entry/california-health-care-price-control_us_5ad66dcde4b0e4d0715b21d8,Price controls are getting a serious look in California.,2018-04-20,Jonathan Cohn,https://img.huffingtonpost.com/asset/5c34278a210000e109cb7fcb.png?ops=100_100
64,CRIME,'Smallville' Actress Allison Mack Is Charged With Sex Trafficking,David Moye,https://www.huffingtonpost.com/entry/allison-mack-sex-trafficking_us_5ada4793e4b01c279db44806,The actress is accused of recruiting women who were forced to engage in sex with a cult leader.,2018-04-20,David Moye,https://img.huffingtonpost.com/asset/5cd4f01a2500002f00a0dba1.png?ops=100_100
65,WEIRD NEWS,Conspiracy Theory Believers Are The Most Skeptical And The Most Gullible People,Lee Moran,https://www.huffingtonpost.com/entry/reddit-shower-thoughts-april-22-2018_us_5ad9da1de4b029ebe023495b,The 25 most profound ‚ÄúShower Thoughts‚Äù on Reddit from the last week.,2018-04-20,Lee Moran,https://img.huffingtonpost.com/asset/5d243183250000b21ae9cc35.jpg?ops=100_100
66,WOMEN,The Fearless Girl Statue Is Being Relocated,Alanna Vagianos,https://www.huffingtonpost.com/entry/fearless-girl-statue-moving_us_5ad9f112e4b029ebe0238944,"She's not going far, though.",2018-04-20,Alanna Vagianos,https://img.huffingtonpost.com/asset/5c1138352200002007de7e1e.jpg?ops=100_100
67,POLITICS,Congress Still Hasn't Dealt With Its Sexual Harassment Problem,Jennifer Bendery,https://www.huffingtonpost.com/entry/congress-sexual-harassment-bill_us_5ad6459ce4b0edca2cbea90d,A bill to overhaul how complaints are handled on Capitol Hill has stalled because some senators don't want to pay out of pocket for misconduct.,2018-04-20,Jennifer Bendery,https://img.huffingtonpost.com/asset/5c128f182600004c0484f0d8.jpg?ops=100_100
68,MEDIA,Stormy Daniels' Attorney Predicts: 'I Do Not Think The President Will Serve Out His Term',Ed Mazza,https://www.huffingtonpost.com/entry/michael-avenatti-trump-prediction_us_5ad94331e4b0e4d0715eced9,Michael Avenatti said this won't end well for Donald Trump.,2018-04-20,Ed Mazza,https://img.huffingtonpost.com/asset/5cb0ec852400003b00067e10.jpg?ops=100_100
69,ENTERTAINMENT,Famed DJ Avicii Dies At 28,Jenna Amatulli,https://www.huffingtonpost.com/entry/famed-dj-avicii-dies-at-28-years-old_us_5ada2353e4b00a1849cf06be,"The Grammy-nominated musician, known for hits like ""Sunshine"" and ""Wake Me Up,"" had been plagued by health problems and retired from music in 2016.",2018-04-20,Jenna Amatulli,https://img.huffingtonpost.com/asset/5c3cd2872500003c00c58a38.jpg?ops=100_100
70,BLACK VOICES,School Apologizes For Asking Students To List 'Positive Aspects' Of Slavery,Elyse Wanshel,https://www.huffingtonpost.com/entry/school-texas-pros-cons-slavery-assignment_us_5ada30a5e4b01c279db434ca,"‚ÄúTo be clear, there is no debate about slavery. It is immoral and a crime against humanity,‚Äù the superintendent said in a statement.",2018-04-20,Elyse Wanshel,https://img.huffingtonpost.com/asset/5c1161451f0000c407267e90.jpg?ops=100_100
71,ENTERTAINMENT,Jim Carrey Paints A 'F**king Disgusting' Picture Of Trump Attorney Michael Cohen,Ed Mazza,https://www.huffingtonpost.com/entry/jim-carrey-michael-cohen_us_5ad97efce4b0e4d0715edf56,Cohen's old threat comes back to haunt him in biting new portrait.,2018-04-20,Ed Mazza,https://img.huffingtonpost.com/asset/5cb0ec852400003b00067e10.jpg?ops=100_100
72,SPORTS,The Karolyis Say They Had No Idea About Nassar Abuse At Their Training Facility,Alanna Vagianos,https://www.huffingtonpost.com/entry/the-karolyis-say-they-had-no-idea-about-nassar-abuse-at-their-training-facility_us_5ad9e06ce4b029ebe0235e60,Martha and Bela Karolyi of the elite gymnastics training center the Karolyi Ranch finally broke their silence on Larry Nassar.,2018-04-20,Alanna Vagianos,https://img.huffingtonpost.com/asset/5c1138352200002007de7e1e.jpg?ops=100_100
73,ENTERTAINMENT,That Time 'Great British Baking Show' Judge Mary Berry Got Arrested At An Airport,Lee Moran,https://www.huffingtonpost.com/entry/mary-berry-great-british-baking-show-arrested_us_5ad9c3d0e4b03c426dad678c,A snafu by sniffer dogs led to her detention.,2018-04-20,Lee Moran,https://img.huffingtonpost.com/asset/5d243183250000b21ae9cc35.jpg?ops=100_100
74,ENTERTAINMENT,"People Think Kanye's New Yeezy Shoes Look Like Legos, Gummy Sharks And More",Jenna Amatulli,https://www.huffingtonpost.com/entry/kanye-west-new-yeezy-shoes-look-like-legos-gummy-sharks_us_5ada1e24e4b03c426dae2242,The rapper tweeted out teaser photos of sneakers in his upcoming Yeezy season.,2018-04-20,Jenna Amatulli,https://img.huffingtonpost.com/asset/5c3cd2872500003c00c58a38.jpg?ops=100_100
75,WOMEN,The 20 Funniest Tweets From Women This Week,Hollis Miller,https://www.huffingtonpost.com/entry/the-20-funniest-tweets-from-women-this-week_us_5ad90bfae4b029ebe02276e9,"""Running shoes? No, I don't run. These are my cake gettin' shoes.""",2018-04-20,Hollis Miller,https://img.huffingtonpost.com/asset/5c112ec32400006f0499f7db.jpeg?ops=100_100
76,TRAVEL,"Passengers On Deadly Southwest Flight Receive $5,000 Checks",Ron Dicker,https://www.huffingtonpost.com/entry/passengers-on-deadly-southwest-flight-receive-5000-checks_us_5ad9c3b6e4b03c426dad6772,"""We ... hope you will allow us another opportunity to restore your confidence,"" a letter from the airline said.",2018-04-20,,https://img.huffingtonpost.com/asset/62d9aafd220000e9944f9caa.jpeg?cache=ocDRs0LeCB&ops=210_120
77,WORLD NEWS,"The Great Barrier Reef Has Been Forever Changed By Global Warming, Scientists Warn",Dominique Mosbergen,https://www.huffingtonpost.com/entry/great-barrier-reef-climate-change_us_5ad7c741e4b0e4d0715cfede,Rising temperatures in 2016 caused a catastrophic die-off of almost 30 percent of the iconic reef.,2018-04-19,Dominique Mosbergen,https://img.huffingtonpost.com/asset/5c1a07db2400001b008c87e6.jpg?ops=100_100
78,WORLD NEWS,"South Korea Working To Formally End The Korean War. Yes, That Korean War.",Nick Visser,https://www.huffingtonpost.com/entry/south-korea-north-korea-peace-treaty_us_5ad7f8ace4b03c426dab240a,"For more than 60 years, an official peace treaty has remained elusive. Until now.",2018-04-19,Nick Visser,https://img.huffingtonpost.com/asset/5cd4ea4c2000003000963695.jpeg?ops=100_100
79,WORLD NEWS,Germany Confronts Rising Anti-Semitism After Rap Duo With Holocaust Lyrics Wins Award,Willa Frej,https://www.huffingtonpost.com/entry/germany-anti-semitic-rap-album-award_us_5ad876c8e4b03c426dabb382,The country has experienced an uptick in anti-Semitic incidents in recent months.,2018-04-19,Willa Frej,https://img.huffingtonpost.com/asset/563a070f1800001700303c63.jpg?ops=100_100
80,WORLD NEWS,"Miguel Diaz-Canel Elected President Of Cuba, Ending 60 Years Of Castro Rule","Sarah Marsh and Frank Jack Daniel, Reuters",https://www.huffingtonpost.com/entry/miguel-diaz-canel-cuba-president_us_5ad8d6abe4b0e4d0715e5f42,"The 57-year-old former vice president vowed to ""give continuity to the Cuban revolution.""",2018-04-19,Reuters logo,https://cambria.assets.huffpost.com/images/partners/reuters.hash-80f2d07a2f31891e1501eaeb38dfb3b9.png
81,WORLD NEWS,German Theater Gives Free Hitler Play Tickets To People Wearing Swastikas,Rebecca Shapiro,https://www.huffingtonpost.com/entry/german-play-free-tickets-swastika_us_5ad7b9cae4b0e4d0715ceccf,"Prosecutors declined to investigate, saying the giveaway is protected as artistic expression.",2018-04-19,Rebecca Shapiro,https://img.huffingtonpost.com/asset/59a77d9c170000260028793c.jpg?ops=100_100
82,WORLD NEWS,Prince Charles Voted Next Commonwealth Leader After Queen's Endorsement,Carly Ledbetter,https://www.huffingtonpost.com/entry/queen-elizabeth-publicly-supports-prince-charles-as-the-next-commonwealth-leader_us_5ad8b0ede4b0e4d0715e13b3,"The selection of the Prince of Wales as the queen's successor was her ""sincere wish.""",2018-04-19,Carly Ledbetter,https://img.huffingtonpost.com/asset/5df70b30240000840a5a35d7.jpg?ops=100_100
83,WORLD NEWS,Saudi Arabia's Public Cinema Ban Lifts With A Showing Of 'Black Panther',Carol Kuruvilla,https://www.huffingtonpost.com/entry/saudi-arabia-black-panther-screening_us_5ad8e314e4b03c426dac7b99,The push for public theaters is part of Crown Prince Mohammed bin Salman's larger package of economic and social reforms.,2018-04-19,Carol Kuruvilla,https://img.huffingtonpost.com/asset/5c196de2210000e309caa54f.jpg?ops=100_100
84,ENTERTAINMENT,Gwen Stefani Superfan Beats Gwen Stefani At A Gwen Stefani Quiz,Lee Moran,https://www.huffingtonpost.com/entry/gwen-stefani-quiz-jimmy-kimmel_us_5ad87031e4b0e4d0715d9f9d,Oops.,2018-04-19,Lee Moran,https://img.huffingtonpost.com/asset/5d243183250000b21ae9cc35.jpg?ops=100_100
85,ENTERTAINMENT,Cynthia Nixon Admits Having A Celebrity As President 'Is Not Working Out Very Well',Lee Moran,https://www.huffingtonpost.com/entry/cynthia-nixon-stephen-colbert_us_5ad84f72e4b0e4d0715d66db,"But the ‚ÄúSex and the City‚Äù star, who's running for New York governor, said there‚Äôs nothing ‚Äúinherently wrong with celebrity in politics.""",2018-04-19,Lee Moran,https://img.huffingtonpost.com/asset/5d243183250000b21ae9cc35.jpg?ops=100_100
86,POLITICS,Trump Blasts California Over Troops Who Won't Focus On Immigration Enforcement,Elise Foley,https://www.huffingtonpost.com/entry/trump-california-national-guard_us_5ad8e14de4b03c426dac788b,"Gov. Jerry Brown agreed to send the National Guard to the border, but with caveats. That's not much different from what other states are doing.",2018-04-19,Elise Foley,https://img.huffingtonpost.com/asset/5cb4a14d2300007403ea1ee9.jpeg?ops=100_100
87,ENTERTAINMENT,Victoria Beckham And Shaq Spoof 'Sharknado' In The Weirdest Reboot Yet,Lee Moran,https://www.huffingtonpost.com/entry/sharknado-spoof-shaq-victoria-beckham-james-corden_us_5ad8656be4b029ebe0214785,Shaq attacks from the sky in the parody trailer.,2018-04-19,Lee Moran,https://img.huffingtonpost.com/asset/5d243183250000b21ae9cc35.jpg?ops=100_100
88,POLITICS,Appeals Court: Trump Administration Can't Block Funds For Sanctuary Cities,"Dan Levine, Reuters",https://www.huffingtonpost.com/entry/appeals-trump-sanctuary-cities_us_5ad8f382e4b03c426dac9c0d,The court upheld an injunction  stopping the Justice Department from denying public safety grants to sanctuary cities.,2018-04-19,Reuters logo,https://cambria.assets.huffpost.com/images/partners/reuters.hash-80f2d07a2f31891e1501eaeb38dfb3b9.png
89,POLITICS,Why Kris Kobach Was Found In Contempt For Not Clarifying To People That They Could Vote,Sam Levine,https://www.huffingtonpost.com/entry/kris-kobach-contempt_us_5ad8d5fce4b03c426dac6519,A federal judge said the Kansas secretary of state didn't do what he was ordered to do to make sure people knew they were eligible.,2018-04-19,Sam Levine,https://img.huffingtonpost.com/asset/5c1524142200009605deb7fd.jpg?ops=100_100
90,ENTERTAINMENT,How 'Riverdale' Got Away With A Bloody Good Musical Episode,Cole Delbyck,https://www.huffingtonpost.com/entry/riverdale-cw-carrie-musical_us_5acfba36e4b016a07e9a90b8,"Archie and the gang staged a predictably murderous rendition of ""Carrie: The Musical."" Somehow, it brought the campy show back to earth.",2018-04-19,,https://img.huffingtonpost.com/asset/5ad78fcb1e000008087b1e03.jpeg?cache=bGRYlt402m&ops=scalefit_1280_noupscale
91,SCIENCE,SpaceX Rocket Blasts Off Carrying NASA's New Planet-Hunting Telescope,"Joey Roullette, Reuters",https://www.huffingtonpost.com/entry/spacex-launch-tess-satellite_us_5ad83219e4b03c426dab4e24,The telescope is designed to detect worlds beyond our solar system that might be capable of harboring life.,2018-04-19,Reuters logo,https://cambria.assets.huffpost.com/images/partners/reuters.hash-80f2d07a2f31891e1501eaeb38dfb3b9.png
92,ENTERTAINMENT,No Charges Will Be Filed Over Prince's Death By Counterfeit Vicodin,Sara Boboltz,https://www.huffingtonpost.com/entry/no-charges-filed-prince-death-fentanyl_us_5ad8aff1e4b029ebe021cca4,The iconic singer died from an overdose of fentanyl in April 2016.,2018-04-19,Sara Boboltz,https://img.huffingtonpost.com/asset/5bfe09312400001e005838fc.png?ops=100_100
93,ENTERTAINMENT,'Frozen' Star Says Anxiety Attack Caused Her To Miss A Broadway Performance,Curtis M. Wong,https://www.huffingtonpost.com/entry/patti-murin-frozen-broadway-anxiety_us_5ad81d52e4b0e4d0715d3732,"""Even Disney princesses are terrified sometimes,"" Patti Murin wrote.",2018-04-19,Curtis M. Wong,https://img.huffingtonpost.com/asset/5c26399f260000c10584fa26.png?ops=100_100
94,POLITICS,"Ted Cruz Wrote A Glowing Profile Of Donald Trump, The Man Who Threatened To 'Spill The Beans On' His Wife",Marina Fang,https://www.huffingtonpost.com/entry/ted-cruz-donald-trump-time-100_us_5ad8ba5ce4b029ebe021ed21,"The man who once labeled him ‚ÄúLyin‚Äô Ted‚Äù and denigrated his wife‚Äôs appearance is now, in Cruz‚Äôs words, ‚Äúdoing what he was elected to do: disrupt the status quo.‚Äù",2018-04-19,Marina Fang,https://img.huffingtonpost.com/asset/5cd4e0072500005500a0c2af.jpeg?ops=100_100
95,ENTERTAINMENT,Here's The First Look At 'Crazy Rich Asians' And It's Pure Gold,Kimberly Yam,https://www.huffingtonpost.com/entry/heres-the-first-look-at-crazy-rich-asians-movie-and-its-pure-gold_us_5ad8c2cee4b03c426dac4a72,üëëüëëüëë,2018-04-19,Kimberly Yam,https://img.huffingtonpost.com/asset/5c11631f260000aa0384c2be.jpg?ops=100_100
96,QUEER VOICES,Doctor Dismisses British Man's Claims That Medication Made Him Gay,Curtis M. Wong,https://www.huffingtonpost.com/entry/british-man-lyrica-gay_us_5ad8d487e4b0e4d0715e5bcf,"Still, he said, ""It‚Äôs not up to any of us to judge or belittle anyone‚Äôs coming out journey.""",2018-04-19,Curtis M. Wong,https://img.huffingtonpost.com/asset/5c26399f260000c10584fa26.png?ops=100_100
97,ENTERTAINMENT,Will Smith Does A Bonkers Impression Of Michael Jackson,Ron Dicker,https://www.huffingtonpost.com/entry/will-smith-michael-jackson-impression_us_5ad85d94e4b0e4d0715d7fc6,The actor recalled his bizarre meeting in a closet with the King of Pop.,2018-04-19,Ron Dicker,https://img.huffingtonpost.com/asset/5cd400b62100005900d41396.jpg?ops=100_100
98,POLITICS,"The Senate Shows It Cares About New Mothers, Assuming They're Senators",Emily Peck,https://www.huffingtonpost.com/entry/senate-tammy-duckworth-parental-leave_us_5ad8e217e4b029ebe0222f55,Lawmakers leaped into action to help Sen. Tammy Duckworth and her new baby. What about the millions of women still waiting for help?,2018-04-19,Emily Peck,https://img.huffingtonpost.com/asset/5c1187972400001b008c538f.jpg?ops=100_100
99,QUEER VOICES,Teacher Says Series Of Homophobic Threats Drove Him To Quit His Job,Curtis M. Wong,https://www.huffingtonpost.com/entry/kansas-teacher-michael-hill-homophobic-threats_us_5ad8afbbe4b0e4d0715e0f81,"Michael Hill feared for his safety after receiving three anonymous, hate-filled letters.",2018-04-19,Curtis M. Wong,https://img.huffingtonpost.com/asset/5c26399f260000c10584fa26.png?ops=100_100
100,POLITICS,Trump Gets Roasted On Twitter After Bragging About How Tough He Is On Russia,Ed Mazza,https://www.huffingtonpost.com/entry/trump-russia-tough_us_5ad7ea7ae4b03c426dab1acf,"""Donald Trump has issued tougher sanctions on Colin Kaepernick than he has on Russia.""",2018-04-19,Ed Mazza,https://img.huffingtonpost.com/asset/5cb0ec852400003b00067e10.jpg?ops=100_100
101,ENTERTAINMENT,The Final 'Deadpool 2' Trailer Is Here To Help Meet Your Wisecrack Quota,Andy McDonald,https://www.huffingtonpost.com/entry/deadpool-2-final-trailer_us_5ad8bcbce4b0e4d0715e389b,And the jokes just keep on coming.,2018-04-19,Andy McDonald,https://img.huffingtonpost.com/asset/55f1b6b3170000b900569da5.jpg?ops=100_100
102,POLITICS,Justice Department Releases Comey Memos To Congress,Dominique Mosbergen,https://www.huffingtonpost.com/entry/justice-department-comey-memos-congress_us_5ad8faa0e4b03c426daca737,Top GOP lawmakers have been putting pressure on the DOJ to release the documents.,2018-04-19,Dominique Mosbergen,https://img.huffingtonpost.com/asset/5c1a07db2400001b008c87e6.jpg?ops=100_100
103,POLITICS,Missouri Gov. Eric Greitens Seeks Restraining Order On His Own Attorney General,Antonia Blumberg,https://www.huffingtonpost.com/entry/eric-greitens-josh-hawley-missouri_us_5ad7bdb8e4b0e4d0715cf3bd,The governor's battles with other Republican state officials just keep getting worse.,2018-04-19,Antonia Blumberg,https://img.huffingtonpost.com/asset/5609763c1900001600fde8c8.jpg?ops=100_100
104,POLITICS,"Tammy Duckworth And Baby Make History, Becoming First On Senate Floor",Rebecca Shapiro,https://www.huffingtonpost.com/entry/tammy-duckworths-baby-makes-history-becoming-first-on-senate-floor_us_5ad8e683e4b029ebe0223757,The senator added another historic first to her already impressive record.,2018-04-19,Rebecca Shapiro,https://img.huffingtonpost.com/asset/59a77d9c170000260028793c.jpg?ops=100_100
105,ENTERTAINMENT,"Javier Bardem Defends Woody Allen, Says He Has 'Doubts' About Allegations",Jenna Amatulli,https://www.huffingtonpost.com/entry/javier-bardem-defends-woody-allen-is-very-shocked-by-this-sudden-treatment_us_5ad8c055e4b029ebe021fb4f,"The actor added that had the film director been found guilty, he would've stopped working with him.",2018-04-19,Jenna Amatulli,https://img.huffingtonpost.com/asset/5c3cd2872500003c00c58a38.jpg?ops=100_100
106,POLITICS,Trump Says Talks Under Way For Release Of Americans Held In North Korea,,https://www.huffingtonpost.com/entry/trump-talks-americans-held-north-korea_us_5ad840d7e4b0e4d0715d52ac,He also said he would walk out of a meeting with Kim Jong-Un if it isn't successful.,2018-04-19,Reuters logo,https://cambria.assets.huffpost.com/images/partners/reuters.hash-80f2d07a2f31891e1501eaeb38dfb3b9.png
107,COMEDY,"Stephen Colbert Repeats A 'Fun Fact' About Women, Just For Donald Trump",Lee Moran,https://www.huffingtonpost.com/entry/stephen-colbert-donald-trump-women_us_5ad88289e4b029ebe02181ae,"""Not all women are under legally binding agreements about what they can say.""",2018-04-19,Lee Moran,https://img.huffingtonpost.com/asset/5d243183250000b21ae9cc35.jpg?ops=100_100
108,POLITICS,GOP Lawmaker Hit With Ethics Complaint After Renting Campaign Donors' Condo,Jennifer Bendery,https://www.huffingtonpost.com/entry/ron-desantis-ethics-complaint-condo_us_5ad75ce0e4b03c426daa73ce,"It looks inappropriate, but Rep. Ron DeSantis may not have broken any rules.",2018-04-19,Jennifer Bendery,https://img.huffingtonpost.com/asset/5c128f182600004c0484f0d8.jpg?ops=100_100
109,POLITICS,Obama Profiles Parkland Survivors For TIME's '100 Most Influential' List,Hayley Miller,https://www.huffingtonpost.com/entry/obama-parkland-survivors_us_5ad8aed2e4b029ebe021cadd,"The high school students ""are shaking us out of our complacency.‚Äù",2018-04-19,Hayley Miller,https://img.huffingtonpost.com/asset/60a287b5260000e080b4330b.png?ops=100_100
110,MEDIA,Conservative Pundit S.E. Cupp Hits Trump White House Right In The Balls,Ed Mazza,https://www.huffingtonpost.com/entry/se-cupp-nikki-haley-balls_us_5ad7e885e4b03c426dab1a2f,"The HLN host says Nikki Haley ""makes her male counterparts look like scared schoolboys.""",2018-04-19,Ed Mazza,https://img.huffingtonpost.com/asset/5cb0ec852400003b00067e10.jpg?ops=100_100
111,EDUCATION,"Desperate For Teachers, Districts Beg Retirees To Come Back","The Hechinger Report, Editorial Partner",https://www.huffingtonpost.com/entry/teacher-shortage-retirees_us_5ad657d6e4b0d6cc69cc730a,"""It‚Äôs difficult not to respond when you hear there is such a significant need.‚Äù",2018-04-19,The Hechinger Report,https://img.huffingtonpost.com/asset/598887931400002a00ecf82d.jpg?ops=100_100
112,POLITICS,Marco Rubio Had An Odd Explanation For Changing His Position On A Trump Nominee,Igor Bobic,https://www.huffingtonpost.com/entry/marco-rubio-nominations-bridenstine_us_5ad8d0fde4b029ebe0221370,The senator voted to confirm a NASA administrator he initially opposed.,2018-04-19,Igor Bobic,https://img.huffingtonpost.com/asset/5db351812000006f26506d19.jpeg?ops=100_100
113,EDUCATION,Why More School Districts Are Holding Class Just Four Days A Week,"Stateline, Editorial Partner",https://www.huffingtonpost.com/entry/why-more-school-districts-are-holding-class-just-four_us_5ad7507ce4b05fd5d2b87e8a,Small rural school districts have long sought to save money and attract teachers by dropping a school day. Now some urban,2018-04-19,Stateline,https://img.huffingtonpost.com/asset/57e414c5180000c90631673f.png?ops=100_100
114,QUEER VOICES,Here's A Great Way To Talk To Kids About Bodies And Gender,Curtis M. Wong,https://www.huffingtonpost.com/entry/queer-kids-stuff-bodies-gender_us_5ad91587e4b0e4d0715ec03d,"The latest installment of ""Queer Kid Stuff"" tackles a tricky but important subject.",2018-04-19,Curtis M. Wong,https://img.huffingtonpost.com/asset/5c26399f260000c10584fa26.png?ops=100_100
115,ENTERTAINMENT,"Adele Wrote About How Much She Loves Rihanna And, Honestly, Same",Cole Delbyck,https://www.huffingtonpost.com/entry/adele-wrote-about-her-friendship-with-rihanna-and-were-going-to-need-a-moment_us_5ad8b486e4b03c426dac2274,Legends stanning legends.,2018-04-19,Cole Delbyck,https://img.huffingtonpost.com/asset/5cc855a6240000090c524d4f.jpg?ops=100_100
116,ENTERTAINMENT,Claire Danes Is Done With 'Homeland',Ron Dicker,https://www.huffingtonpost.com/entry/claire-danes-homeland_us_5ad868dfe4b029ebe0214e6e,The actress said Season 8 will be the last.,2018-04-19,Ron Dicker,https://img.huffingtonpost.com/asset/5cd400b62100005900d41396.jpg?ops=100_100
117,QUEER VOICES,It‚Äôs Time For Drag Kings To Detoxify Masculinity On TV,"Goldie Peacock, On Assignment For HuffPost",https://www.huffingtonpost.com/entry/drag-kings-detoxify-masculinity_us_5ad8a00ce4b029ebe021a4c3,"A ‚ÄúDrag Race‚Äù-style show could showcase us, and our maleness, in all of our variety. Why hasn‚Äôt it arrived?",2018-04-19,"Janelle Felix makes up before performing as drag king Tenderoni on March 24, 2018, at the Berlin Nightclub's ""Drag Matinee"" in Chicago.",https://img.huffingtonpost.com/asset/5ad8ba5e1e0000771b7b1f8d.jpeg?cache=wteJXJnaMT&ops=scalefit_720_noupscale
118,ENTERTAINMENT,Destiny's Child Singer Michelle Williams Got Secretly Engaged Before Coachella Reunion,Cole Delbyck,https://www.huffingtonpost.com/entry/destinys-child-singer-michelle-williams-got-secretly-engaged-before-coachella-reunion_us_5ad8d55be4b03c426dac6403,"Bey and Kelly are, of course, invited to the wedding.",2018-04-19,Cole Delbyck,https://img.huffingtonpost.com/asset/5cc855a6240000090c524d4f.jpg?ops=100_100
119,POLITICS,Democratic Lawmakers Ask Trump How It Was Legal To Bomb Syria,Jennifer Bendery,https://www.huffingtonpost.com/entry/syria-military-action-trump-congress-authorization_us_5ad8eaa6e4b0e4d0715e8096,‚ÄúWe reiterate that your Administration must provide a legal basis for both the 2017 and 2018 strikes.‚Äù,2018-04-19,Jennifer Bendery,https://img.huffingtonpost.com/asset/5c128f182600004c0484f0d8.jpg?ops=100_100
120,ENTERTAINMENT,Carrie Underwood Finally Opens Up About The Accident That Left Her With 50 Stitches,Carly Ledbetter,https://www.huffingtonpost.com/entry/carrie-underwood-finally-opens-up-about-accident-that-left-her-with-50-stitches_us_5ad8d0c2e4b03c426dac5e98,She spoke publicly about the incident for the first time on Thursday.,2018-04-19,Carly Ledbetter,https://img.huffingtonpost.com/asset/5df70b30240000840a5a35d7.jpg?ops=100_100
121,ENTERTAINMENT,Gwen Stefani Told A Really Embarrassing Story About Blake Shelton‚Äôs Ex,Elyse Wanshel,https://www.huffingtonpost.com/entry/gwen-stefani-told-a-really-embarrassing-story-about-blake-sheltons-ex_us_5ad89e4de4b0e4d0715de873,It‚Äôs bananas. üçå,2018-04-19,Elyse Wanshel,https://img.huffingtonpost.com/asset/5c1161451f0000c407267e90.jpg?ops=100_100
122,POLITICS,Don't Let Nikki Haley Fool You,Emily Peck,https://www.huffingtonpost.com/entry/nikki-haley-un-ambassador-confusion_us_5ad7bface4b0e4d0715cf600,"She had her moment this week, but that doesn't excuse the role she plays in the Trump White House.",2018-04-19,Emily Peck,https://img.huffingtonpost.com/asset/5c1187972400001b008c538f.jpg?ops=100_100
123,POLITICS,"Michael Cohen Withdraws Steele Dossier Lawsuits Against BuzzFeed, Fusion GPS",Doha Madani,https://www.huffingtonpost.com/entry/michael-cohen-drops-lawsuits-buzzfeed-fusion-gps_us_5ad9106de4b03c426dacc358,Cohen is dropping the lawsuits just over a week after being subject to an FBI raid.,2018-04-19,Doha Madani,https://img.huffingtonpost.com/asset/596f984215000028008b29a8.jpg?ops=100_100
124,POLITICS,Senate Confirms Climate Change Denier To Lead NASA,Chris D'Angelo,https://www.huffingtonpost.com/entry/jim-bridenstine-nasa-confirmation_us_5ad8aab7e4b03c426dac081c,Rep. Jim Bridenstine (R-Okla.) will take over control of the space agency after seven-month standoff.,2018-04-19,Chris D'Angelo,https://img.huffingtonpost.com/asset/5c113fe82400004d06587863.png?ops=100_100
125,BLACK VOICES,The Absence Of Frozone's Wife In 'Incredibles 2' Is Causing A Controversy,Andy McDonald,https://www.huffingtonpost.com/entry/incredibles-2-honey-frozone-wife_us_5ad8b446e4b03c426dac21df,Honey Best has thus far been an offscreen-only character.,2018-04-19,Andy McDonald,https://img.huffingtonpost.com/asset/55f1b6b3170000b900569da5.jpg?ops=100_100
126,COMEDY,Trevor Noah Just Sincerely Praised Donald Trump For Something,Lee Moran,https://www.huffingtonpost.com/entry/trevor-noah-donald-trump-compliment_us_5ad83df5e4b0e4d0715d510f,"‚ÄúI know our first instinct is to hate, but...""",2018-04-19,Lee Moran,https://img.huffingtonpost.com/asset/5d243183250000b21ae9cc35.jpg?ops=100_100
127,ENTERTAINMENT,Here Is Prince‚Äôs Original Version Of ‚ÄòNothing Compares 2 U‚Äô,Elyse Wanshel,https://www.huffingtonpost.com/entry/heres-princes-original-version-of-nothing-compares-2-u_us_5ad8ee90e4b029ebe022465c,The Purple One‚Äôs estate released the song and previously unseen footage on Thursday.,2018-04-19,Elyse Wanshel,https://img.huffingtonpost.com/asset/5c1161451f0000c407267e90.jpg?ops=100_100
128,MEDIA,Laura Ingraham's Guest Mocks Her On Live TV For Losing Advertisers,Ed Mazza,https://www.huffingtonpost.com/entry/laura-ingraham_us_5ad82393e4b03c426dab4120,"""A high school kid shut you down!""",2018-04-19,Ed Mazza,https://img.huffingtonpost.com/asset/5cb0ec852400003b00067e10.jpg?ops=100_100
129,COMEDY,3rd-Grader Gives Donald Trump A Lesson In Fake News: 'It's Not What You Think',Lee Moran,https://www.huffingtonpost.com/entry/3rd-grader-gives-donald-trump-a-lesson-in-fake-news-its-not-what-you-think_us_5ad85b4ee4b029ebe02137d7,Using words the president may understand.,2018-04-19,Lee Moran,https://img.huffingtonpost.com/asset/5d243183250000b21ae9cc35.jpg?ops=100_100
130,COMEDY,Stephen Colbert Thinks He Has Proof That Trump Watches His Show,Ed Mazza,https://www.huffingtonpost.com/entry/stephen-colbert-trump-watches-late-show_us_5ad7f3a7e4b029ebe020d303,"""Late Show"" host finds hidden meaning in a Trump tweet.",2018-04-19,Ed Mazza,https://img.huffingtonpost.com/asset/5cb0ec852400003b00067e10.jpg?ops=100_100
131,POLITICS,Former NYC Mayor Rudy Giuliani Is Joining Trump's Legal Team,Ryan Grenoble,https://www.huffingtonpost.com/entry/rudy-giuliani-trump-special-counsel_us_5ad905a1e4b03c426dacb83e,The former prosecutor said he hopes to negotiate an end to the special counsel investigation.,2018-04-19,Ryan Grenoble,https://img.huffingtonpost.com/asset/5dd86429210000aa7e34dd10.jpeg?ops=100_100
132,MEDIA,How To Write A Comeback Story About An Alleged Sexual Predator,Emma Gray,https://www.huffingtonpost.com/entry/comeback-stories-alleged-sexual-predators_us_5ad8ea5ee4b029ebe0223be3,"Please don‚Äôt -- but if you must, here‚Äôs a guide to writing the most unnecessary stories of the Me Too movement.",2018-04-19,Emma Gray,https://img.huffingtonpost.com/asset/5cacf4f424000030074f66b5.jpg?ops=100_100
133,ENTERTAINMENT,The No. 2 Question In 'Westworld' Finally Has An Answer,Bill Bradley,https://www.huffingtonpost.com/entry/the-number-2-mystery-of-westworld-finally-has-an-answer_us_5ad76150e4b03c426daa7eea,One mystery remained in the bowels of the park until we talked to Steven Ogg.,2018-04-19,Bill Bradley,https://img.huffingtonpost.com/asset/5c1c75392100003006caa650.jpg?ops=100_100
134,ENTERTAINMENT,Ellen Burstyn Predicts The Future: 'We'll Be The Dogs Of The Robots',Matthew Jacobs,https://www.huffingtonpost.com/entry/ellen-burstyn-predicts-the-future_us_5ad4f476e4b016a07e9f6999,"The 85-year-old Oscar winner has a lot to say about the singularity, dark energy and humanity's place in the universe.",2018-04-19,,https://img.huffingtonpost.com/asset/5ad603342000007d06eb4e7d.gif?cache=WDRdHyjgRH&ops=scalefit_1280_noupscale
135,ENTERTAINMENT,Cardi B Doesn't Owe You Anything,Zeba Blay,https://www.huffingtonpost.com/entry/cardi-b-doesnt-owe-you-anything_us_5ac73f55e4b07a3485e33766,Remember: Cardi's success is not ours.,2018-04-19,Zeba Blay,https://img.huffingtonpost.com/asset/5605b4a61900001300fde718.png?ops=100_100
136,SPORTS,The NBA Shows Its Love For Gregg Popovich After Wife's Death,Ron Dicker,https://www.huffingtonpost.com/entry/gregg-popovich-wife-erin-death-nba_us_5ad88f80e4b03c426dabe254,"""It's bigger than winning and losing,"" Warriors star Kevin Durant said.",2018-04-19,Ron Dicker,https://img.huffingtonpost.com/asset/5cd400b62100005900d41396.jpg?ops=100_100
137,WEIRD NEWS,Military Officers Punished After Guardsman Appears To Re-Enlist Using Dinosaur Puppet,David Moye,https://www.huffingtonpost.com/entry/robin-brown-reenlist-dinosaur-puppet_us_5ad7b6b8e4b03c426daaf173,At least one officer's active-duty career is now extinct.,2018-04-19,David Moye,https://img.huffingtonpost.com/asset/5cd4f01a2500002f00a0dba1.png?ops=100_100
138,WOMEN,Let's Not Give Alleged Harassers A Comeback Narrative,Marina Fang,https://www.huffingtonpost.com/entry/me-too-redemption-career-comeback_us_5ad7a7fce4b029ebe020978b,A spate of recent stories wonder if men exposed by Me Too can return to the spotlight. Their accusers often can't.,2018-04-19,Marina Fang,https://img.huffingtonpost.com/asset/5cd4e0072500005500a0c2af.jpeg?ops=100_100
139,WEIRD NEWS,"Terrifying Tumbleweeds Take Over California City, Trapping Residents Inside Homes",Ed Mazza,https://www.huffingtonpost.com/entry/tumbleweed-invasion_us_5ad81de3e4b0e4d0715d375d,"""It‚Äôs a nasty nightmare.‚Äù",2018-04-19,Ed Mazza,https://img.huffingtonpost.com/asset/5cb0ec852400003b00067e10.jpg?ops=100_100
140,POLITICS,Sandy Hook Father To Alex Jones: 'I'm Not Backing Down',Sebastian Murdock,https://www.huffingtonpost.com/entry/sandy-hook-father-to-alex-jones-im-not-backing-down_us_5ad8d925e4b029ebe0221e59,"Neil Heslin said he is prepared for a  ""knock-down, drag-out fight"" in court.",2018-04-19,Sebastian Murdock,https://img.huffingtonpost.com/asset/55a7a97412000012001350f1.png?ops=100_100
141,POLITICS,Trump: 'Human Trafficking Is Worse Than It's Ever Been In The History Of The World',Antonia Blumberg,https://www.huffingtonpost.com/entry/trump-human-trafficking-build-wall_us_5ad8d447e4b029ebe02217a8,The president is using the specter of human trafficking to push his U.S.-Mexico border wall.,2018-04-19,Antonia Blumberg,https://img.huffingtonpost.com/asset/5609763c1900001600fde8c8.jpg?ops=100_100
142,ENTERTAINMENT,Cynthia Nixon Would 'Rather Be The Good Nixon Than The Bad Cuomo',Jenna Amatulli,https://www.huffingtonpost.com/entry/cynthia-nixon-would-rather-be-the-good-nixon-than-the-bad-cuomo_us_5ad8aca6e4b0e4d0715e094f,"The ""Sex and the City"" star did some campaigning on ""The Late Show.""",2018-04-19,Jenna Amatulli,https://img.huffingtonpost.com/asset/5c3cd2872500003c00c58a38.jpg?ops=100_100
143,SPORTS,McKayla Maroney Says Larry Nassar Abused Her Hundreds Of Times,Alanna Vagianos,https://www.huffingtonpost.com/entry/mckayla-maroney-says-larry-nassar-abused-her-hundreds-of-times_us_5ad8935de4b0e4d0715dde94,The Olympic gymnast said the now-imprisoned former USA Gymnastics team doctor groomed her with food.,2018-04-19,Alanna Vagianos,https://img.huffingtonpost.com/asset/5c1138352200002007de7e1e.jpg?ops=100_100
144,WOMEN,Southwest's Tammie Jo Shults Joins The Legacy of Badass Female Pilots,David Moye and Damon Dahlen,https://www.huffingtonpost.com/entry/tammie-jo-shults-other-female-pilots_us_5ad8ddcae4b03c426dac6fb5,The pilot who calmly landed a stricken airliner this week is one of many women who have owned the skies.,2018-04-19,,https://img.huffingtonpost.com/asset/5ad8d61e1e0000fb077b1fae.jpeg?cache=F5DBBdWgiL&ops=scalefit_960_noupscale
145,ENTERTAINMENT,5 Netflix Things To Watch If You Can't Wait For The Royal Wedding,Todd Van Luling,https://www.huffingtonpost.com/entry/netflix-royal-wedding_us_5ad7d347e4b0e4d0715d0978,"If the upcoming royal wedding is very much your thing, this is for you.",2018-04-19,Todd Van Luling,https://img.huffingtonpost.com/asset/5e5b285f2300000e0d0bf664.jpg?ops=100_100
146,COMEDY,Samantha Bee Uses Sean Hannity's Own Tactics Against Him In Brutal Takedown,Lee Moran,https://www.huffingtonpost.com/entry/samantha-bee-sean-hannity-criticism_us_5ad83871e4b03c426dab5338,"‚ÄúHis whole show is just an hour-long list of lies and conspiracy theories.""",2018-04-19,Lee Moran,https://img.huffingtonpost.com/asset/5d243183250000b21ae9cc35.jpg?ops=100_100
147,BLACK VOICES,This California Church Is Hosting A Beyonc√© Mass,Carol Kuruvilla,https://www.huffingtonpost.com/entry/this-california-church-is-hosting-a-beyonce-mass_us_5ad8c8f1e4b03c426dac52d1,San Francisco's Grace Cathedral is using Beyonc√©'s music to highlight black female spirituality.,2018-04-19,Carol Kuruvilla,https://img.huffingtonpost.com/asset/5c196de2210000e309caa54f.jpg?ops=100_100
148,BLACK VOICES,Black Men Arrested At Starbucks Said They Were There For 2 Minutes Before 911 Call,Hayley Miller,https://www.huffingtonpost.com/entry/black-men-speak-out-starbucks-arrest_us_5ad8809fe4b0e4d0715dc393,"""We wasn‚Äôt read any rights ‚Äï nothing,‚Äù said Donte Robinson. ""Just double-lock handcuffs behind our backs and escorted out and put into a squad car.‚Äù",2018-04-19,Hayley Miller,https://img.huffingtonpost.com/asset/60a287b5260000e080b4330b.png?ops=100_100
